row_type,entity_id,cell_barcode,donor_id,technical_group,stimulus,multiplet_status,reference_annotation,label_a,sampling_context,sampling_stratum,sampling_hash,library_size,module,subset_id,subset_size,subset_mask,sentinel_genes,sentinel_values,joint_control_genes,joint_control_values,target_genes,target_values,control_genes,control_values,control_rank_distance,control_expression_distance,control_prevalence_distance,control_token_length_distance,control_total_cost,original_sentence,module_mask_sentence,control_mask_sentence
base,gse96583:ctrl:101:AGGACTTGCTATGG-1,AGGACTTGCTATGG-1,101,101,ctrl,singlet,CD8 T cells,1,held_out_triple_sentinel,101:held_out_triple_sentinel,04234d05f3aa4b9dbf31474385c898d13e898f66d0c57aaf2e1dc7b8871310a3,874,none,none,0,000,GNLY;NKG7;CCL5,3.84516906741;3.17317926872;3.84516906741,GAPDH;PTMA;HLA-A,3.56458930909;3.17317926872;3.84516906741,,,,,,,,,,TMSB4X B2M FTH1 HLA-B RGS1 HLA-C MSMO1 RNF167 CCL5 GNLY HLA-A MYL6 CD2 CMTM7 CREM GAPDH TMBIM6 TMSB10 YPEL5 ZFP36L2 ANKRD12 ARHGAP30 ATP5G2 ATP6V1F BTG1 CHCHD2 COX4I1 CST7 DUSP2 EAPP EID1 EIF4A2 EIF4G2 FTL H3F3B LAS1L LDHA LITAF LSM2 NDUFS5 NDUFV2 NKG7 PPP2R1A PSMD4 PTMA PTPRC REL RGCC SAFB SRGN,TMSB4X B2M FTH1 HLA-B RGS1 HLA-C MSMO1 RNF167 CCL5 GNLY HLA-A MYL6 CD2 CMTM7 CREM GAPDH TMBIM6 TMSB10 YPEL5 ZFP36L2 ANKRD12 ARHGAP30 ATP5G2 ATP6V1F BTG1 CHCHD2 COX4I1 CST7 DUSP2 EAPP EID1 EIF4A2 EIF4G2 FTL H3F3B LAS1L LDHA LITAF LSM2 NDUFS5 NDUFV2 NKG7 PPP2R1A PSMD4 PTMA PTPRC REL RGCC SAFB SRGN,TMSB4X B2M FTH1 HLA-B RGS1 HLA-C MSMO1 RNF167 CCL5 GNLY HLA-A MYL6 CD2 CMTM7 CREM GAPDH TMBIM6 TMSB10 YPEL5 ZFP36L2 ANKRD12 ARHGAP30 ATP5G2 ATP6V1F BTG1 CHCHD2 COX4I1 CST7 DUSP2 EAPP EID1 EIF4A2 EIF4G2 FTL H3F3B LAS1L LDHA LITAF LSM2 NDUFS5 NDUFV2 NKG7 PPP2R1A PSMD4 PTMA PTPRC REL RGCC SAFB SRGN
intervention,gse96583:ctrl:101:AGGACTTGCTATGG-1,AGGACTTGCTATGG-1,101,101,ctrl,singlet,CD8 T cells,1,held_out_triple_sentinel,101:held_out_triple_sentinel,04234d05f3aa4b9dbf31474385c898d13e898f66d0c57aaf2e1dc7b8871310a3,874,GNLY_NKG7_CCL5_sentinel_factorial,GNLY,1,100,GNLY;NKG7;CCL5,3.84516906741;3.17317926872;3.84516906741,GAPDH;PTMA;HLA-A,3.56458930909;3.17317926872;3.84516906741,GNLY,3.84516906741,GAPDH,3.56458930909,6,0.280579758327,0.121181772659,1,4.10631057658,TMSB4X B2M FTH1 HLA-B RGS1 HLA-C MSMO1 RNF167 CCL5 GNLY HLA-A MYL6 CD2 CMTM7 CREM GAPDH TMBIM6 TMSB10 YPEL5 ZFP36L2 ANKRD12 ARHGAP30 ATP5G2 ATP6V1F BTG1 CHCHD2 COX4I1 CST7 DUSP2 EAPP EID1 EIF4A2 EIF4G2 FTL H3F3B LAS1L LDHA LITAF LSM2 NDUFS5 NDUFV2 NKG7 PPP2R1A PSMD4 PTMA PTPRC REL RGCC SAFB SRGN,TMSB4X B2M FTH1 HLA-B RGS1 HLA-C MSMO1 RNF167 CCL5 MASKED_GENE HLA-A MYL6 CD2 CMTM7 CREM GAPDH TMBIM6 TMSB10 YPEL5 ZFP36L2 ANKRD12 ARHGAP30 ATP5G2 ATP6V1F BTG1 CHCHD2 COX4I1 CST7 DUSP2 EAPP EID1 EIF4A2 EIF4G2 FTL H3F3B LAS1L LDHA LITAF LSM2 NDUFS5 NDUFV2 NKG7 PPP2R1A PSMD4 PTMA PTPRC REL RGCC SAFB SRGN,TMSB4X B2M FTH1 HLA-B RGS1 HLA-C MSMO1 RNF167 CCL5 GNLY HLA-A MYL6 CD2 CMTM7 CREM MASKED_GENE TMBIM6 TMSB10 YPEL5 ZFP36L2 ANKRD12 ARHGAP30 ATP5G2 ATP6V1F BTG1 CHCHD2 COX4I1 CST7 DUSP2 EAPP EID1 EIF4A2 EIF4G2 FTL H3F3B LAS1L LDHA LITAF LSM2 NDUFS5 NDUFV2 NKG7 PPP2R1A PSMD4 PTMA PTPRC REL RGCC SAFB SRGN
intervention,gse96583:ctrl:101:AGGACTTGCTATGG-1,AGGACTTGCTATGG-1,101,101,ctrl,singlet,CD8 T cells,1,held_out_triple_sentinel,101:held_out_triple_sentinel,04234d05f3aa4b9dbf31474385c898d13e898f66d0c57aaf2e1dc7b8871310a3,874,GNLY_NKG7_CCL5_sentinel_factorial,NKG7,1,010,GNLY;NKG7;CCL5,3.84516906741;3.17317926872;3.84516906741,GAPDH;PTMA;HLA-A,3.56458930909;3.17317926872;3.84516906741,NKG7,3.17317926872,PTMA,3.17317926872,3,0,0.174261392088,0,2.74261392088,TMSB4X B2M FTH1 HLA-B RGS1 HLA-C MSMO1 RNF167 CCL5 GNLY HLA-A MYL6 CD2 CMTM7 CREM GAPDH TMBIM6 TMSB10 YPEL5 ZFP36L2 ANKRD12 ARHGAP30 ATP5G2 ATP6V1F BTG1 CHCHD2 COX4I1 CST7 DUSP2 EAPP EID1 EIF4A2 EIF4G2 FTL H3F3B LAS1L LDHA LITAF LSM2 NDUFS5 NDUFV2 NKG7 PPP2R1A PSMD4 PTMA PTPRC REL RGCC SAFB SRGN,TMSB4X B2M FTH1 HLA-B RGS1 HLA-C MSMO1 RNF167 CCL5 GNLY HLA-A MYL6 CD2 CMTM7 CREM GAPDH TMBIM6 TMSB10 YPEL5 ZFP36L2 ANKRD12 ARHGAP30 ATP5G2 ATP6V1F BTG1 CHCHD2 COX4I1 CST7 DUSP2 EAPP EID1 EIF4A2 EIF4G2 FTL H3F3B LAS1L LDHA LITAF LSM2 NDUFS5 NDUFV2 MASKED_GENE PPP2R1A PSMD4 PTMA PTPRC REL RGCC SAFB SRGN,TMSB4X B2M FTH1 HLA-B RGS1 HLA-C MSMO1 RNF167 CCL5 GNLY HLA-A MYL6 CD2 CMTM7 CREM GAPDH TMBIM6 TMSB10 YPEL5 ZFP36L2 ANKRD12 ARHGAP30 ATP5G2 ATP6V1F BTG1 CHCHD2 COX4I1 CST7 DUSP2 EAPP EID1 EIF4A2 EIF4G2 FTL H3F3B LAS1L LDHA LITAF LSM2 NDUFS5 NDUFV2 NKG7 PPP2R1A PSMD4 MASKED_GENE PTPRC REL RGCC SAFB SRGN
intervention,gse96583:ctrl:101:AGGACTTGCTATGG-1,AGGACTTGCTATGG-1,101,101,ctrl,singlet,CD8 T cells,1,held_out_triple_sentinel,101:held_out_triple_sentinel,04234d05f3aa4b9dbf31474385c898d13e898f66d0c57aaf2e1dc7b8871310a3,874,GNLY_NKG7_CCL5_sentinel_factorial,CCL5,1,001,GNLY;NKG7;CCL5,3.84516906741;3.17317926872;3.84516906741,GAPDH;PTMA;HLA-A,3.56458930909;3.17317926872;3.84516906741,CCL5,3.84516906741,HLA-A,3.84516906741,2,0,0.243365047571,1,3.43365047571,TMSB4X B2M FTH1 HLA-B RGS1 HLA-C MSMO1 RNF167 CCL5 GNLY HLA-A MYL6 CD2 CMTM7 CREM GAPDH TMBIM6 TMSB10 YPEL5 ZFP36L2 ANKRD12 ARHGAP30 ATP5G2 ATP6V1F BTG1 CHCHD2 COX4I1 CST7 DUSP2 EAPP EID1 EIF4A2 EIF4G2 FTL H3F3B LAS1L LDHA LITAF LSM2 NDUFS5 NDUFV2 NKG7 PPP2R1A PSMD4 PTMA PTPRC REL RGCC SAFB SRGN,TMSB4X B2M FTH1 HLA-B RGS1 HLA-C MSMO1 RNF167 MASKED_GENE GNLY HLA-A MYL6 CD2 CMTM7 CREM GAPDH TMBIM6 TMSB10 YPEL5 ZFP36L2 ANKRD12 ARHGAP30 ATP5G2 ATP6V1F BTG1 CHCHD2 COX4I1 CST7 DUSP2 EAPP EID1 EIF4A2 EIF4G2 FTL H3F3B LAS1L LDHA LITAF LSM2 NDUFS5 NDUFV2 NKG7 PPP2R1A PSMD4 PTMA PTPRC REL RGCC SAFB SRGN,TMSB4X B2M FTH1 HLA-B RGS1 HLA-C MSMO1 RNF167 CCL5 GNLY MASKED_GENE MYL6 CD2 CMTM7 CREM GAPDH TMBIM6 TMSB10 YPEL5 ZFP36L2 ANKRD12 ARHGAP30 ATP5G2 ATP6V1F BTG1 CHCHD2 COX4I1 CST7 DUSP2 EAPP EID1 EIF4A2 EIF4G2 FTL H3F3B LAS1L LDHA LITAF LSM2 NDUFS5 NDUFV2 NKG7 PPP2R1A PSMD4 PTMA PTPRC REL RGCC SAFB SRGN
intervention,gse96583:ctrl:101:AGGACTTGCTATGG-1,AGGACTTGCTATGG-1,101,101,ctrl,singlet,CD8 T cells,1,held_out_triple_sentinel,101:held_out_triple_sentinel,04234d05f3aa4b9dbf31474385c898d13e898f66d0c57aaf2e1dc7b8871310a3,874,GNLY_NKG7_CCL5_sentinel_factorial,GNLY+NKG7,2,110,GNLY;NKG7;CCL5,3.84516906741;3.17317926872;3.84516906741,GAPDH;PTMA;HLA-A,3.56458930909;3.17317926872;3.84516906741,GNLY;NKG7,3.84516906741;3.17317926872,GAPDH;PTMA,3.56458930909;3.17317926872,6;3,0.280579758327;0,0.121181772659;0.174261392088,1;0,4.10631057658;2.74261392088,TMSB4X B2M FTH1 HLA-B RGS1 HLA-C MSMO1 RNF167 CCL5 GNLY HLA-A MYL6 CD2 CMTM7 CREM GAPDH TMBIM6 TMSB10 YPEL5 ZFP36L2 ANKRD12 ARHGAP30 ATP5G2 ATP6V1F BTG1 CHCHD2 COX4I1 CST7 DUSP2 EAPP EID1 EIF4A2 EIF4G2 FTL H3F3B LAS1L LDHA LITAF LSM2 NDUFS5 NDUFV2 NKG7 PPP2R1A PSMD4 PTMA PTPRC REL RGCC SAFB SRGN,TMSB4X B2M FTH1 HLA-B RGS1 HLA-C MSMO1 RNF167 CCL5 MASKED_GENE HLA-A MYL6 CD2 CMTM7 CREM GAPDH TMBIM6 TMSB10 YPEL5 ZFP36L2 ANKRD12 ARHGAP30 ATP5G2 ATP6V1F BTG1 CHCHD2 COX4I1 CST7 DUSP2 EAPP EID1 EIF4A2 EIF4G2 FTL H3F3B LAS1L LDHA LITAF LSM2 NDUFS5 NDUFV2 MASKED_GENE PPP2R1A PSMD4 PTMA PTPRC REL RGCC SAFB SRGN,TMSB4X B2M FTH1 HLA-B RGS1 HLA-C MSMO1 RNF167 CCL5 GNLY HLA-A MYL6 CD2 CMTM7 CREM MASKED_GENE TMBIM6 TMSB10 YPEL5 ZFP36L2 ANKRD12 ARHGAP30 ATP5G2 ATP6V1F BTG1 CHCHD2 COX4I1 CST7 DUSP2 EAPP EID1 EIF4A2 EIF4G2 FTL H3F3B LAS1L LDHA LITAF LSM2 NDUFS5 NDUFV2 NKG7 PPP2R1A PSMD4 MASKED_GENE PTPRC REL RGCC SAFB SRGN
intervention,gse96583:ctrl:101:AGGACTTGCTATGG-1,AGGACTTGCTATGG-1,101,101,ctrl,singlet,CD8 T cells,1,held_out_triple_sentinel,101:held_out_triple_sentinel,04234d05f3aa4b9dbf31474385c898d13e898f66d0c57aaf2e1dc7b8871310a3,874,GNLY_NKG7_CCL5_sentinel_factorial,GNLY+CCL5,2,101,GNLY;NKG7;CCL5,3.84516906741;3.17317926872;3.84516906741,GAPDH;PTMA;HLA-A,3.56458930909;3.17317926872;3.84516906741,GNLY;CCL5,3.84516906741;3.84516906741,GAPDH;HLA-A,3.56458930909;3.84516906741,6;2,0.280579758327;0,0.121181772659;0.243365047571,1;1,4.10631057658;3.43365047571,TMSB4X B2M FTH1 HLA-B RGS1 HLA-C MSMO1 RNF167 CCL5 GNLY HLA-A MYL6 CD2 CMTM7 CREM GAPDH TMBIM6 TMSB10 YPEL5 ZFP36L2 ANKRD12 ARHGAP30 ATP5G2 ATP6V1F BTG1 CHCHD2 COX4I1 CST7 DUSP2 EAPP EID1 EIF4A2 EIF4G2 FTL H3F3B LAS1L LDHA LITAF LSM2 NDUFS5 NDUFV2 NKG7 PPP2R1A PSMD4 PTMA PTPRC REL RGCC SAFB SRGN,TMSB4X B2M FTH1 HLA-B RGS1 HLA-C MSMO1 RNF167 MASKED_GENE MASKED_GENE HLA-A MYL6 CD2 CMTM7 CREM GAPDH TMBIM6 TMSB10 YPEL5 ZFP36L2 ANKRD12 ARHGAP30 ATP5G2 ATP6V1F BTG1 CHCHD2 COX4I1 CST7 DUSP2 EAPP EID1 EIF4A2 EIF4G2 FTL H3F3B LAS1L LDHA LITAF LSM2 NDUFS5 NDUFV2 NKG7 PPP2R1A PSMD4 PTMA PTPRC REL RGCC SAFB SRGN,TMSB4X B2M FTH1 HLA-B RGS1 HLA-C MSMO1 RNF167 CCL5 GNLY MASKED_GENE MYL6 CD2 CMTM7 CREM MASKED_GENE TMBIM6 TMSB10 YPEL5 ZFP36L2 ANKRD12 ARHGAP30 ATP5G2 ATP6V1F BTG1 CHCHD2 COX4I1 CST7 DUSP2 EAPP EID1 EIF4A2 EIF4G2 FTL H3F3B LAS1L LDHA LITAF LSM2 NDUFS5 NDUFV2 NKG7 PPP2R1A PSMD4 PTMA PTPRC REL RGCC SAFB SRGN
intervention,gse96583:ctrl:101:AGGACTTGCTATGG-1,AGGACTTGCTATGG-1,101,101,ctrl,singlet,CD8 T cells,1,held_out_triple_sentinel,101:held_out_triple_sentinel,04234d05f3aa4b9dbf31474385c898d13e898f66d0c57aaf2e1dc7b8871310a3,874,GNLY_NKG7_CCL5_sentinel_factorial,NKG7+CCL5,2,011,GNLY;NKG7;CCL5,3.84516906741;3.17317926872;3.84516906741,GAPDH;PTMA;HLA-A,3.56458930909;3.17317926872;3.84516906741,NKG7;CCL5,3.17317926872;3.84516906741,PTMA;HLA-A,3.17317926872;3.84516906741,3;2,0;0,0.174261392088;0.243365047571,0;1,2.74261392088;3.43365047571,TMSB4X B2M FTH1 HLA-B RGS1 HLA-C MSMO1 RNF167 CCL5 GNLY HLA-A MYL6 CD2 CMTM7 CREM GAPDH TMBIM6 TMSB10 YPEL5 ZFP36L2 ANKRD12 ARHGAP30 ATP5G2 ATP6V1F BTG1 CHCHD2 COX4I1 CST7 DUSP2 EAPP EID1 EIF4A2 EIF4G2 FTL H3F3B LAS1L LDHA LITAF LSM2 NDUFS5 NDUFV2 NKG7 PPP2R1A PSMD4 PTMA PTPRC REL RGCC SAFB SRGN,TMSB4X B2M FTH1 HLA-B RGS1 HLA-C MSMO1 RNF167 MASKED_GENE GNLY HLA-A MYL6 CD2 CMTM7 CREM GAPDH TMBIM6 TMSB10 YPEL5 ZFP36L2 ANKRD12 ARHGAP30 ATP5G2 ATP6V1F BTG1 CHCHD2 COX4I1 CST7 DUSP2 EAPP EID1 EIF4A2 EIF4G2 FTL H3F3B LAS1L LDHA LITAF LSM2 NDUFS5 NDUFV2 MASKED_GENE PPP2R1A PSMD4 PTMA PTPRC REL RGCC SAFB SRGN,TMSB4X B2M FTH1 HLA-B RGS1 HLA-C MSMO1 RNF167 CCL5 GNLY MASKED_GENE MYL6 CD2 CMTM7 CREM GAPDH TMBIM6 TMSB10 YPEL5 ZFP36L2 ANKRD12 ARHGAP30 ATP5G2 ATP6V1F BTG1 CHCHD2 COX4I1 CST7 DUSP2 EAPP EID1 EIF4A2 EIF4G2 FTL H3F3B LAS1L LDHA LITAF LSM2 NDUFS5 NDUFV2 NKG7 PPP2R1A PSMD4 MASKED_GENE PTPRC REL RGCC SAFB SRGN
intervention,gse96583:ctrl:101:AGGACTTGCTATGG-1,AGGACTTGCTATGG-1,101,101,ctrl,singlet,CD8 T cells,1,held_out_triple_sentinel,101:held_out_triple_sentinel,04234d05f3aa4b9dbf31474385c898d13e898f66d0c57aaf2e1dc7b8871310a3,874,GNLY_NKG7_CCL5_sentinel_factorial,GNLY+NKG7+CCL5,3,111,GNLY;NKG7;CCL5,3.84516906741;3.17317926872;3.84516906741,GAPDH;PTMA;HLA-A,3.56458930909;3.17317926872;3.84516906741,GNLY;NKG7;CCL5,3.84516906741;3.17317926872;3.84516906741,GAPDH;PTMA;HLA-A,3.56458930909;3.17317926872;3.84516906741,6;3;2,0.280579758327;0;0,0.121181772659;0.174261392088;0.243365047571,1;0;1,4.10631057658;2.74261392088;3.43365047571,TMSB4X B2M FTH1 HLA-B RGS1 HLA-C MSMO1 RNF167 CCL5 GNLY HLA-A MYL6 CD2 CMTM7 CREM GAPDH TMBIM6 TMSB10 YPEL5 ZFP36L2 ANKRD12 ARHGAP30 ATP5G2 ATP6V1F BTG1 CHCHD2 COX4I1 CST7 DUSP2 EAPP EID1 EIF4A2 EIF4G2 FTL H3F3B LAS1L LDHA LITAF LSM2 NDUFS5 NDUFV2 NKG7 PPP2R1A PSMD4 PTMA PTPRC REL RGCC SAFB SRGN,TMSB4X B2M FTH1 HLA-B RGS1 HLA-C MSMO1 RNF167 MASKED_GENE MASKED_GENE HLA-A MYL6 CD2 CMTM7 CREM GAPDH TMBIM6 TMSB10 YPEL5 ZFP36L2 ANKRD12 ARHGAP30 ATP5G2 ATP6V1F BTG1 CHCHD2 COX4I1 CST7 DUSP2 EAPP EID1 EIF4A2 EIF4G2 FTL H3F3B LAS1L LDHA LITAF LSM2 NDUFS5 NDUFV2 MASKED_GENE PPP2R1A PSMD4 PTMA PTPRC REL RGCC SAFB SRGN,TMSB4X B2M FTH1 HLA-B RGS1 HLA-C MSMO1 RNF167 CCL5 GNLY MASKED_GENE MYL6 CD2 CMTM7 CREM MASKED_GENE TMBIM6 TMSB10 YPEL5 ZFP36L2 ANKRD12 ARHGAP30 ATP5G2 ATP6V1F BTG1 CHCHD2 COX4I1 CST7 DUSP2 EAPP EID1 EIF4A2 EIF4G2 FTL H3F3B LAS1L LDHA LITAF LSM2 NDUFS5 NDUFV2 NKG7 PPP2R1A PSMD4 MASKED_GENE PTPRC REL RGCC SAFB SRGN
base,gse96583:ctrl:107:GTTAACCTCGCAAT-1,GTTAACCTCGCAAT-1,107,107,ctrl,singlet,NK cells,0,held_out_triple_sentinel,107:held_out_triple_sentinel,01526c836ea62f41236adfa5cfe6144c2cf57710158df0492c7d8947d3fcd858,1049,none,none,0,000,GNLY;NKG7;CCL5,2.99901572365;3.66692914565;4.06383949099,ACTB;EIF1;H3F3B,2.99901572365;3.66692914565;4.06383949099,,,,,,,,,,B2M TMSB4X FTH1 HLA-B HLA-A CCL5 H3F3B HLA-C MYL6 CYBA GAPDH LDHA LSP1 PTMA EEF1B2 EIF1 IL32 NKG7 OAZ1 BRK1 CDK17 CNPY3 COX4I1 EVL FGFBP2 HLA-E ITM2B NDUFV2 PFN1 RGCC TMBIM6 VIM ZNF706 ACTB AP2S1 APOBEC3G ATP5J CCDC109B CKLF COX6C DNAJA1 EIF4EBP1 EZR FEZ2 GADD45B GNLY HDDC3 HNRNPA1 HNRNPA2B1 JTB,B2M TMSB4X FTH1 HLA-B HLA-A CCL5 H3F3B HLA-C MYL6 CYBA GAPDH LDHA LSP1 PTMA EEF1B2 EIF1 IL32 NKG7 OAZ1 BRK1 CDK17 CNPY3 COX4I1 EVL FGFBP2 HLA-E ITM2B NDUFV2 PFN1 RGCC TMBIM6 VIM ZNF706 ACTB AP2S1 APOBEC3G ATP5J CCDC109B CKLF COX6C DNAJA1 EIF4EBP1 EZR FEZ2 GADD45B GNLY HDDC3 HNRNPA1 HNRNPA2B1 JTB,B2M TMSB4X FTH1 HLA-B HLA-A CCL5 H3F3B HLA-C MYL6 CYBA GAPDH LDHA LSP1 PTMA EEF1B2 EIF1 IL32 NKG7 OAZ1 BRK1 CDK17 CNPY3 COX4I1 EVL FGFBP2 HLA-E ITM2B NDUFV2 PFN1 RGCC TMBIM6 VIM ZNF706 ACTB AP2S1 APOBEC3G ATP5J CCDC109B CKLF COX6C DNAJA1 EIF4EBP1 EZR FEZ2 GADD45B GNLY HDDC3 HNRNPA1 HNRNPA2B1 JTB
intervention,gse96583:ctrl:107:GTTAACCTCGCAAT-1,GTTAACCTCGCAAT-1,107,107,ctrl,singlet,NK cells,0,held_out_triple_sentinel,107:held_out_triple_sentinel,01526c836ea62f41236adfa5cfe6144c2cf57710158df0492c7d8947d3fcd858,1049,GNLY_NKG7_CCL5_sentinel_factorial,GNLY,1,100,GNLY;NKG7;CCL5,2.99901572365;3.66692914565;4.06383949099,ACTB;EIF1;H3F3B,2.99901572365;3.66692914565;4.06383949099,GNLY,2.99901572365,ACTB,2.99901572365,12,0,0.14221331998,0,5.4221331998,B2M TMSB4X FTH1 HLA-B HLA-A CCL5 H3F3B HLA-C MYL6 CYBA GAPDH LDHA LSP1 PTMA EEF1B2 EIF1 IL32 NKG7 OAZ1 BRK1 CDK17 CNPY3 COX4I1 EVL FGFBP2 HLA-E ITM2B NDUFV2 PFN1 RGCC TMBIM6 VIM ZNF706 ACTB AP2S1 APOBEC3G ATP5J CCDC109B CKLF COX6C DNAJA1 EIF4EBP1 EZR FEZ2 GADD45B GNLY HDDC3 HNRNPA1 HNRNPA2B1 JTB,B2M TMSB4X FTH1 HLA-B HLA-A CCL5 H3F3B HLA-C MYL6 CYBA GAPDH LDHA LSP1 PTMA EEF1B2 EIF1 IL32 NKG7 OAZ1 BRK1 CDK17 CNPY3 COX4I1 EVL FGFBP2 HLA-E ITM2B NDUFV2 PFN1 RGCC TMBIM6 VIM ZNF706 ACTB AP2S1 APOBEC3G ATP5J CCDC109B CKLF COX6C DNAJA1 EIF4EBP1 EZR FEZ2 GADD45B MASKED_GENE HDDC3 HNRNPA1 HNRNPA2B1 JTB,B2M TMSB4X FTH1 HLA-B HLA-A CCL5 H3F3B HLA-C MYL6 CYBA GAPDH LDHA LSP1 PTMA EEF1B2 EIF1 IL32 NKG7 OAZ1 BRK1 CDK17 CNPY3 COX4I1 EVL FGFBP2 HLA-E ITM2B NDUFV2 PFN1 RGCC TMBIM6 VIM ZNF706 MASKED_GENE AP2S1 APOBEC3G ATP5J CCDC109B CKLF COX6C DNAJA1 EIF4EBP1 EZR FEZ2 GADD45B GNLY HDDC3 HNRNPA1 HNRNPA2B1 JTB
intervention,gse96583:ctrl:107:GTTAACCTCGCAAT-1,GTTAACCTCGCAAT-1,107,107,ctrl,singlet,NK cells,0,held_out_triple_sentinel,107:held_out_triple_sentinel,01526c836ea62f41236adfa5cfe6144c2cf57710158df0492c7d8947d3fcd858,1049,GNLY_NKG7_CCL5_sentinel_factorial,NKG7,1,010,GNLY;NKG7;CCL5,2.99901572365;3.66692914565;4.06383949099,ACTB;EIF1;H3F3B,2.99901572365;3.66692914565;4.06383949099,NKG7,3.66692914565,EIF1,3.66692914565,2,0,0.176264396595,0,2.42931063262,B2M TMSB4X FTH1 HLA-B HLA-A CCL5 H3F3B HLA-C MYL6 CYBA GAPDH LDHA LSP1 PTMA EEF1B2 EIF1 IL32 NKG7 OAZ1 BRK1 CDK17 CNPY3 COX4I1 EVL FGFBP2 HLA-E ITM2B NDUFV2 PFN1 RGCC TMBIM6 VIM ZNF706 ACTB AP2S1 APOBEC3G ATP5J CCDC109B CKLF COX6C DNAJA1 EIF4EBP1 EZR FEZ2 GADD45B GNLY HDDC3 HNRNPA1 HNRNPA2B1 JTB,B2M TMSB4X FTH1 HLA-B HLA-A CCL5 H3F3B HLA-C MYL6 CYBA GAPDH LDHA LSP1 PTMA EEF1B2 EIF1 IL32 MASKED_GENE OAZ1 BRK1 CDK17 CNPY3 COX4I1 EVL FGFBP2 HLA-E ITM2B NDUFV2 PFN1 RGCC TMBIM6 VIM ZNF706 ACTB AP2S1 APOBEC3G ATP5J CCDC109B CKLF COX6C DNAJA1 EIF4EBP1 EZR FEZ2 GADD45B GNLY HDDC3 HNRNPA1 HNRNPA2B1 JTB,B2M TMSB4X FTH1 HLA-B HLA-A CCL5 H3F3B HLA-C MYL6 CYBA GAPDH LDHA LSP1 PTMA EEF1B2 MASKED_GENE IL32 NKG7 OAZ1 BRK1 CDK17 CNPY3 COX4I1 EVL FGFBP2 HLA-E ITM2B NDUFV2 PFN1 RGCC TMBIM6 VIM ZNF706 ACTB AP2S1 APOBEC3G ATP5J CCDC109B CKLF COX6C DNAJA1 EIF4EBP1 EZR FEZ2 GADD45B GNLY HDDC3 HNRNPA1 HNRNPA2B1 JTB
intervention,gse96583:ctrl:107:GTTAACCTCGCAAT-1,GTTAACCTCGCAAT-1,107,107,ctrl,singlet,NK cells,0,held_out_triple_sentinel,107:held_out_triple_sentinel,01526c836ea62f41236adfa5cfe6144c2cf57710158df0492c7d8947d3fcd858,1049,GNLY_NKG7_CCL5_sentinel_factorial,CCL5,1,001,GNLY;NKG7;CCL5,2.99901572365;3.66692914565;4.06383949099,ACTB;EIF1;H3F3B,2.99901572365;3.66692914565;4.06383949099,CCL5,4.06383949099,H3F3B,4.06383949099,1,0,0.0665998998498,1,1.33266566516,B2M TMSB4X FTH1 HLA-B HLA-A CCL5 H3F3B HLA-C MYL6 CYBA GAPDH LDHA LSP1 PTMA EEF1B2 EIF1 IL32 NKG7 OAZ1 BRK1 CDK17 CNPY3 COX4I1 EVL FGFBP2 HLA-E ITM2B NDUFV2 PFN1 RGCC TMBIM6 VIM ZNF706 ACTB AP2S1 APOBEC3G ATP5J CCDC109B CKLF COX6C DNAJA1 EIF4EBP1 EZR FEZ2 GADD45B GNLY HDDC3 HNRNPA1 HNRNPA2B1 JTB,B2M TMSB4X FTH1 HLA-B HLA-A MASKED_GENE H3F3B HLA-C MYL6 CYBA GAPDH LDHA LSP1 PTMA EEF1B2 EIF1 IL32 NKG7 OAZ1 BRK1 CDK17 CNPY3 COX4I1 EVL FGFBP2 HLA-E ITM2B NDUFV2 PFN1 RGCC TMBIM6 VIM ZNF706 ACTB AP2S1 APOBEC3G ATP5J CCDC109B CKLF COX6C DNAJA1 EIF4EBP1 EZR FEZ2 GADD45B GNLY HDDC3 HNRNPA1 HNRNPA2B1 JTB,B2M TMSB4X FTH1 HLA-B HLA-A CCL5 MASKED_GENE HLA-C MYL6 CYBA GAPDH LDHA LSP1 PTMA EEF1B2 EIF1 IL32 NKG7 OAZ1 BRK1 CDK17 CNPY3 COX4I1 EVL FGFBP2 HLA-E ITM2B NDUFV2 PFN1 RGCC TMBIM6 VIM ZNF706 ACTB AP2S1 APOBEC3G ATP5J CCDC109B CKLF COX6C DNAJA1 EIF4EBP1 EZR FEZ2 GADD45B GNLY HDDC3 HNRNPA1 HNRNPA2B1 JTB
intervention,gse96583:ctrl:107:GTTAACCTCGCAAT-1,GTTAACCTCGCAAT-1,107,107,ctrl,singlet,NK cells,0,held_out_triple_sentinel,107:held_out_triple_sentinel,01526c836ea62f41236adfa5cfe6144c2cf57710158df0492c7d8947d3fcd858,1049,GNLY_NKG7_CCL5_sentinel_factorial,GNLY+NKG7,2,110,GNLY;NKG7;CCL5,2.99901572365;3.66692914565;4.06383949099,ACTB;EIF1;H3F3B,2.99901572365;3.66692914565;4.06383949099,GNLY;NKG7,2.99901572365;3.66692914565,ACTB;EIF1,2.99901572365;3.66692914565,12;2,0;0,0.14221331998;0.176264396595,0;0,5.4221331998;2.42931063262,B2M TMSB4X FTH1 HLA-B HLA-A CCL5 H3F3B HLA-C MYL6 CYBA GAPDH LDHA LSP1 PTMA EEF1B2 EIF1 IL32 NKG7 OAZ1 BRK1 CDK17 CNPY3 COX4I1 EVL FGFBP2 HLA-E ITM2B NDUFV2 PFN1 RGCC TMBIM6 VIM ZNF706 ACTB AP2S1 APOBEC3G ATP5J CCDC109B CKLF COX6C DNAJA1 EIF4EBP1 EZR FEZ2 GADD45B GNLY HDDC3 HNRNPA1 HNRNPA2B1 JTB,B2M TMSB4X FTH1 HLA-B HLA-A CCL5 H3F3B HLA-C MYL6 CYBA GAPDH LDHA LSP1 PTMA EEF1B2 EIF1 IL32 MASKED_GENE OAZ1 BRK1 CDK17 CNPY3 COX4I1 EVL FGFBP2 HLA-E ITM2B NDUFV2 PFN1 RGCC TMBIM6 VIM ZNF706 ACTB AP2S1 APOBEC3G ATP5J CCDC109B CKLF COX6C DNAJA1 EIF4EBP1 EZR FEZ2 GADD45B MASKED_GENE HDDC3 HNRNPA1 HNRNPA2B1 JTB,B2M TMSB4X FTH1 HLA-B HLA-A CCL5 H3F3B HLA-C MYL6 CYBA GAPDH LDHA LSP1 PTMA EEF1B2 MASKED_GENE IL32 NKG7 OAZ1 BRK1 CDK17 CNPY3 COX4I1 EVL FGFBP2 HLA-E ITM2B NDUFV2 PFN1 RGCC TMBIM6 VIM ZNF706 MASKED_GENE AP2S1 APOBEC3G ATP5J CCDC109B CKLF COX6C DNAJA1 EIF4EBP1 EZR FEZ2 GADD45B GNLY HDDC3 HNRNPA1 HNRNPA2B1 JTB
intervention,gse96583:ctrl:107:GTTAACCTCGCAAT-1,GTTAACCTCGCAAT-1,107,107,ctrl,singlet,NK cells,0,held_out_triple_sentinel,107:held_out_triple_sentinel,01526c836ea62f41236adfa5cfe6144c2cf57710158df0492c7d8947d3fcd858,1049,GNLY_NKG7_CCL5_sentinel_factorial,GNLY+CCL5,2,101,GNLY;NKG7;CCL5,2.99901572365;3.66692914565;4.06383949099,ACTB;EIF1;H3F3B,2.99901572365;3.66692914565;4.06383949099,GNLY;CCL5,2.99901572365;4.06383949099,ACTB;H3F3B,2.99901572365;4.06383949099,12;1,0;0,0.14221331998;0.0665998998498,0;1,5.4221331998;1.33266566516,B2M TMSB4X FTH1 HLA-B HLA-A CCL5 H3F3B HLA-C MYL6 CYBA GAPDH LDHA LSP1 PTMA EEF1B2 EIF1 IL32 NKG7 OAZ1 BRK1 CDK17 CNPY3 COX4I1 EVL FGFBP2 HLA-E ITM2B NDUFV2 PFN1 RGCC TMBIM6 VIM ZNF706 ACTB AP2S1 APOBEC3G ATP5J CCDC109B CKLF COX6C DNAJA1 EIF4EBP1 EZR FEZ2 GADD45B GNLY HDDC3 HNRNPA1 HNRNPA2B1 JTB,B2M TMSB4X FTH1 HLA-B HLA-A MASKED_GENE H3F3B HLA-C MYL6 CYBA GAPDH LDHA LSP1 PTMA EEF1B2 EIF1 IL32 NKG7 OAZ1 BRK1 CDK17 CNPY3 COX4I1 EVL FGFBP2 HLA-E ITM2B NDUFV2 PFN1 RGCC TMBIM6 VIM ZNF706 ACTB AP2S1 APOBEC3G ATP5J CCDC109B CKLF COX6C DNAJA1 EIF4EBP1 EZR FEZ2 GADD45B MASKED_GENE HDDC3 HNRNPA1 HNRNPA2B1 JTB,B2M TMSB4X FTH1 HLA-B HLA-A CCL5 MASKED_GENE HLA-C MYL6 CYBA GAPDH LDHA LSP1 PTMA EEF1B2 EIF1 IL32 NKG7 OAZ1 BRK1 CDK17 CNPY3 COX4I1 EVL FGFBP2 HLA-E ITM2B NDUFV2 PFN1 RGCC TMBIM6 VIM ZNF706 MASKED_GENE AP2S1 APOBEC3G ATP5J CCDC109B CKLF COX6C DNAJA1 EIF4EBP1 EZR FEZ2 GADD45B GNLY HDDC3 HNRNPA1 HNRNPA2B1 JTB
intervention,gse96583:ctrl:107:GTTAACCTCGCAAT-1,GTTAACCTCGCAAT-1,107,107,ctrl,singlet,NK cells,0,held_out_triple_sentinel,107:held_out_triple_sentinel,01526c836ea62f41236adfa5cfe6144c2cf57710158df0492c7d8947d3fcd858,1049,GNLY_NKG7_CCL5_sentinel_factorial,NKG7+CCL5,2,011,GNLY;NKG7;CCL5,2.99901572365;3.66692914565;4.06383949099,ACTB;EIF1;H3F3B,2.99901572365;3.66692914565;4.06383949099,NKG7;CCL5,3.66692914565;4.06383949099,EIF1;H3F3B,3.66692914565;4.06383949099,2;1,0;0,0.176264396595;0.0665998998498,0;1,2.42931063262;1.33266566516,B2M TMSB4X FTH1 HLA-B HLA-A CCL5 H3F3B HLA-C MYL6 CYBA GAPDH LDHA LSP1 PTMA EEF1B2 EIF1 IL32 NKG7 OAZ1 BRK1 CDK17 CNPY3 COX4I1 EVL FGFBP2 HLA-E ITM2B NDUFV2 PFN1 RGCC TMBIM6 VIM ZNF706 ACTB AP2S1 APOBEC3G ATP5J CCDC109B CKLF COX6C DNAJA1 EIF4EBP1 EZR FEZ2 GADD45B GNLY HDDC3 HNRNPA1 HNRNPA2B1 JTB,B2M TMSB4X FTH1 HLA-B HLA-A MASKED_GENE H3F3B HLA-C MYL6 CYBA GAPDH LDHA LSP1 PTMA EEF1B2 EIF1 IL32 MASKED_GENE OAZ1 BRK1 CDK17 CNPY3 COX4I1 EVL FGFBP2 HLA-E ITM2B NDUFV2 PFN1 RGCC TMBIM6 VIM ZNF706 ACTB AP2S1 APOBEC3G ATP5J CCDC109B CKLF COX6C DNAJA1 EIF4EBP1 EZR FEZ2 GADD45B GNLY HDDC3 HNRNPA1 HNRNPA2B1 JTB,B2M TMSB4X FTH1 HLA-B HLA-A CCL5 MASKED_GENE HLA-C MYL6 CYBA GAPDH LDHA LSP1 PTMA EEF1B2 MASKED_GENE IL32 NKG7 OAZ1 BRK1 CDK17 CNPY3 COX4I1 EVL FGFBP2 HLA-E ITM2B NDUFV2 PFN1 RGCC TMBIM6 VIM ZNF706 ACTB AP2S1 APOBEC3G ATP5J CCDC109B CKLF COX6C DNAJA1 EIF4EBP1 EZR FEZ2 GADD45B GNLY HDDC3 HNRNPA1 HNRNPA2B1 JTB
intervention,gse96583:ctrl:107:GTTAACCTCGCAAT-1,GTTAACCTCGCAAT-1,107,107,ctrl,singlet,NK cells,0,held_out_triple_sentinel,107:held_out_triple_sentinel,01526c836ea62f41236adfa5cfe6144c2cf57710158df0492c7d8947d3fcd858,1049,GNLY_NKG7_CCL5_sentinel_factorial,GNLY+NKG7+CCL5,3,111,GNLY;NKG7;CCL5,2.99901572365;3.66692914565;4.06383949099,ACTB;EIF1;H3F3B,2.99901572365;3.66692914565;4.06383949099,GNLY;NKG7;CCL5,2.99901572365;3.66692914565;4.06383949099,ACTB;EIF1;H3F3B,2.99901572365;3.66692914565;4.06383949099,12;2;1,0;0;0,0.14221331998;0.176264396595;0.0665998998498,0;0;1,5.4221331998;2.42931063262;1.33266566516,B2M TMSB4X FTH1 HLA-B HLA-A CCL5 H3F3B HLA-C MYL6 CYBA GAPDH LDHA LSP1 PTMA EEF1B2 EIF1 IL32 NKG7 OAZ1 BRK1 CDK17 CNPY3 COX4I1 EVL FGFBP2 HLA-E ITM2B NDUFV2 PFN1 RGCC TMBIM6 VIM ZNF706 ACTB AP2S1 APOBEC3G ATP5J CCDC109B CKLF COX6C DNAJA1 EIF4EBP1 EZR FEZ2 GADD45B GNLY HDDC3 HNRNPA1 HNRNPA2B1 JTB,B2M TMSB4X FTH1 HLA-B HLA-A MASKED_GENE H3F3B HLA-C MYL6 CYBA GAPDH LDHA LSP1 PTMA EEF1B2 EIF1 IL32 MASKED_GENE OAZ1 BRK1 CDK17 CNPY3 COX4I1 EVL FGFBP2 HLA-E ITM2B NDUFV2 PFN1 RGCC TMBIM6 VIM ZNF706 ACTB AP2S1 APOBEC3G ATP5J CCDC109B CKLF COX6C DNAJA1 EIF4EBP1 EZR FEZ2 GADD45B MASKED_GENE HDDC3 HNRNPA1 HNRNPA2B1 JTB,B2M TMSB4X FTH1 HLA-B HLA-A CCL5 MASKED_GENE HLA-C MYL6 CYBA GAPDH LDHA LSP1 PTMA EEF1B2 MASKED_GENE IL32 NKG7 OAZ1 BRK1 CDK17 CNPY3 COX4I1 EVL FGFBP2 HLA-E ITM2B NDUFV2 PFN1 RGCC TMBIM6 VIM ZNF706 MASKED_GENE AP2S1 APOBEC3G ATP5J CCDC109B CKLF COX6C DNAJA1 EIF4EBP1 EZR FEZ2 GADD45B GNLY HDDC3 HNRNPA1 HNRNPA2B1 JTB
base,gse96583:ctrl:1015:AAGATTACCAAGCT-1,AAGATTACCAAGCT-1,1015,1015,ctrl,singlet,NK cells,0,held_out_triple_sentinel,1015:held_out_triple_sentinel,00ffc72d1c122a8c1cc2b7f15b78976a8bf95585f0295c7133bd3806f500c0ac,972,none,none,0,000,GNLY;NKG7;CCL5,3.07158768923;4.42250289042;4.97696076362,ACTB;HLA-C;HLA-B,3.07158768923;4.29068490758;5.10962991134,,,,,,,,,,B2M TMSB4X HLA-B CCL5 NKG7 FGFBP2 HLA-C CXCR4 FTH1 GZMB H3F3B PRR5L FTL HLA-A PTMA RARRES3 TYROBP CCL4 CTSW DYNLL1 EVL GZMH HLA-E IRF1 LDHA NCOR1 OASL TMIGD2 ACTB ARPC3 BTG1 C11orf83 CARD16 CD63 CLEC2B CMPK1 FAM76A GIMAP2 GIMAP4 GLTSCR2 GNB2L1 GNLY HCST HLA-F IFI27 IFNGR1 KIAA1551 KRT10 NEDD8 PRSS23,B2M TMSB4X HLA-B CCL5 NKG7 FGFBP2 HLA-C CXCR4 FTH1 GZMB H3F3B PRR5L FTL HLA-A PTMA RARRES3 TYROBP CCL4 CTSW DYNLL1 EVL GZMH HLA-E IRF1 LDHA NCOR1 OASL TMIGD2 ACTB ARPC3 BTG1 C11orf83 CARD16 CD63 CLEC2B CMPK1 FAM76A GIMAP2 GIMAP4 GLTSCR2 GNB2L1 GNLY HCST HLA-F IFI27 IFNGR1 KIAA1551 KRT10 NEDD8 PRSS23,B2M TMSB4X HLA-B CCL5 NKG7 FGFBP2 HLA-C CXCR4 FTH1 GZMB H3F3B PRR5L FTL HLA-A PTMA RARRES3 TYROBP CCL4 CTSW DYNLL1 EVL GZMH HLA-E IRF1 LDHA NCOR1 OASL TMIGD2 ACTB ARPC3 BTG1 C11orf83 CARD16 CD63 CLEC2B CMPK1 FAM76A GIMAP2 GIMAP4 GLTSCR2 GNB2L1 GNLY HCST HLA-F IFI27 IFNGR1 KIAA1551 KRT10 NEDD8 PRSS23
intervention,gse96583:ctrl:1015:AAGATTACCAAGCT-1,AAGATTACCAAGCT-1,1015,1015,ctrl,singlet,NK cells,0,held_out_triple_sentinel,1015:held_out_triple_sentinel,00ffc72d1c122a8c1cc2b7f15b78976a8bf95585f0295c7133bd3806f500c0ac,972,GNLY_NKG7_CCL5_sentinel_factorial,GNLY,1,100,GNLY;NKG7;CCL5,3.07158768923;4.42250289042;4.97696076362,ACTB;HLA-C;HLA-B,3.07158768923;4.29068490758;5.10962991134,GNLY,3.07158768923,ACTB,3.07158768923,13,0,0.14221331998,0,5.75546653313,B2M TMSB4X HLA-B CCL5 NKG7 FGFBP2 HLA-C CXCR4 FTH1 GZMB H3F3B PRR5L FTL HLA-A PTMA RARRES3 TYROBP CCL4 CTSW DYNLL1 EVL GZMH HLA-E IRF1 LDHA NCOR1 OASL TMIGD2 ACTB ARPC3 BTG1 C11orf83 CARD16 CD63 CLEC2B CMPK1 FAM76A GIMAP2 GIMAP4 GLTSCR2 GNB2L1 GNLY HCST HLA-F IFI27 IFNGR1 KIAA1551 KRT10 NEDD8 PRSS23,B2M TMSB4X HLA-B CCL5 NKG7 FGFBP2 HLA-C CXCR4 FTH1 GZMB H3F3B PRR5L FTL HLA-A PTMA RARRES3 TYROBP CCL4 CTSW DYNLL1 EVL GZMH HLA-E IRF1 LDHA NCOR1 OASL TMIGD2 ACTB ARPC3 BTG1 C11orf83 CARD16 CD63 CLEC2B CMPK1 FAM76A GIMAP2 GIMAP4 GLTSCR2 GNB2L1 MASKED_GENE HCST HLA-F IFI27 IFNGR1 KIAA1551 KRT10 NEDD8 PRSS23,B2M TMSB4X HLA-B CCL5 NKG7 FGFBP2 HLA-C CXCR4 FTH1 GZMB H3F3B PRR5L FTL HLA-A PTMA RARRES3 TYROBP CCL4 CTSW DYNLL1 EVL GZMH HLA-E IRF1 LDHA NCOR1 OASL TMIGD2 MASKED_GENE ARPC3 BTG1 C11orf83 CARD16 CD63 CLEC2B CMPK1 FAM76A GIMAP2 GIMAP4 GLTSCR2 GNB2L1 GNLY HCST HLA-F IFI27 IFNGR1 KIAA1551 KRT10 NEDD8 PRSS23
intervention,gse96583:ctrl:1015:AAGATTACCAAGCT-1,AAGATTACCAAGCT-1,1015,1015,ctrl,singlet,NK cells,0,held_out_triple_sentinel,1015:held_out_triple_sentinel,00ffc72d1c122a8c1cc2b7f15b78976a8bf95585f0295c7133bd3806f500c0ac,972,GNLY_NKG7_CCL5_sentinel_factorial,NKG7,1,010,GNLY;NKG7;CCL5,3.07158768923;4.42250289042;4.97696076362,ACTB;HLA-C;HLA-B,3.07158768923;4.29068490758;5.10962991134,NKG7,4.42250289042,HLA-C,4.29068490758,2,0.131817982838,0.261392088132,1,3.877556847,B2M TMSB4X HLA-B CCL5 NKG7 FGFBP2 HLA-C CXCR4 FTH1 GZMB H3F3B PRR5L FTL HLA-A PTMA RARRES3 TYROBP CCL4 CTSW DYNLL1 EVL GZMH HLA-E IRF1 LDHA NCOR1 OASL TMIGD2 ACTB ARPC3 BTG1 C11orf83 CARD16 CD63 CLEC2B CMPK1 FAM76A GIMAP2 GIMAP4 GLTSCR2 GNB2L1 GNLY HCST HLA-F IFI27 IFNGR1 KIAA1551 KRT10 NEDD8 PRSS23,B2M TMSB4X HLA-B CCL5 MASKED_GENE FGFBP2 HLA-C CXCR4 FTH1 GZMB H3F3B PRR5L FTL HLA-A PTMA RARRES3 TYROBP CCL4 CTSW DYNLL1 EVL GZMH HLA-E IRF1 LDHA NCOR1 OASL TMIGD2 ACTB ARPC3 BTG1 C11orf83 CARD16 CD63 CLEC2B CMPK1 FAM76A GIMAP2 GIMAP4 GLTSCR2 GNB2L1 GNLY HCST HLA-F IFI27 IFNGR1 KIAA1551 KRT10 NEDD8 PRSS23,B2M TMSB4X HLA-B CCL5 NKG7 FGFBP2 MASKED_GENE CXCR4 FTH1 GZMB H3F3B PRR5L FTL HLA-A PTMA RARRES3 TYROBP CCL4 CTSW DYNLL1 EVL GZMH HLA-E IRF1 LDHA NCOR1 OASL TMIGD2 ACTB ARPC3 BTG1 C11orf83 CARD16 CD63 CLEC2B CMPK1 FAM76A GIMAP2 GIMAP4 GLTSCR2 GNB2L1 GNLY HCST HLA-F IFI27 IFNGR1 KIAA1551 KRT10 NEDD8 PRSS23
intervention,gse96583:ctrl:1015:AAGATTACCAAGCT-1,AAGATTACCAAGCT-1,1015,1015,ctrl,singlet,NK cells,0,held_out_triple_sentinel,1015:held_out_triple_sentinel,00ffc72d1c122a8c1cc2b7f15b78976a8bf95585f0295c7133bd3806f500c0ac,972,GNLY_NKG7_CCL5_sentinel_factorial,CCL5,1,001,GNLY;NKG7;CCL5,3.07158768923;4.42250289042;4.97696076362,ACTB;HLA-C;HLA-B,3.07158768923;4.29068490758;5.10962991134,CCL5,4.97696076362,HLA-B,5.10962991134,1,0.132669147718,0.272909364046,1,3.66109860256,B2M TMSB4X HLA-B CCL5 NKG7 FGFBP2 HLA-C CXCR4 FTH1 GZMB H3F3B PRR5L FTL HLA-A PTMA RARRES3 TYROBP CCL4 CTSW DYNLL1 EVL GZMH HLA-E IRF1 LDHA NCOR1 OASL TMIGD2 ACTB ARPC3 BTG1 C11orf83 CARD16 CD63 CLEC2B CMPK1 FAM76A GIMAP2 GIMAP4 GLTSCR2 GNB2L1 GNLY HCST HLA-F IFI27 IFNGR1 KIAA1551 KRT10 NEDD8 PRSS23,B2M TMSB4X HLA-B MASKED_GENE NKG7 FGFBP2 HLA-C CXCR4 FTH1 GZMB H3F3B PRR5L FTL HLA-A PTMA RARRES3 TYROBP CCL4 CTSW DYNLL1 EVL GZMH HLA-E IRF1 LDHA NCOR1 OASL TMIGD2 ACTB ARPC3 BTG1 C11orf83 CARD16 CD63 CLEC2B CMPK1 FAM76A GIMAP2 GIMAP4 GLTSCR2 GNB2L1 GNLY HCST HLA-F IFI27 IFNGR1 KIAA1551 KRT10 NEDD8 PRSS23,B2M TMSB4X MASKED_GENE CCL5 NKG7 FGFBP2 HLA-C CXCR4 FTH1 GZMB H3F3B PRR5L FTL HLA-A PTMA RARRES3 TYROBP CCL4 CTSW DYNLL1 EVL GZMH HLA-E IRF1 LDHA NCOR1 OASL TMIGD2 ACTB ARPC3 BTG1 C11orf83 CARD16 CD63 CLEC2B CMPK1 FAM76A GIMAP2 GIMAP4 GLTSCR2 GNB2L1 GNLY HCST HLA-F IFI27 IFNGR1 KIAA1551 KRT10 NEDD8 PRSS23
intervention,gse96583:ctrl:1015:AAGATTACCAAGCT-1,AAGATTACCAAGCT-1,1015,1015,ctrl,singlet,NK cells,0,held_out_triple_sentinel,1015:held_out_triple_sentinel,00ffc72d1c122a8c1cc2b7f15b78976a8bf95585f0295c7133bd3806f500c0ac,972,GNLY_NKG7_CCL5_sentinel_factorial,GNLY+NKG7,2,110,GNLY;NKG7;CCL5,3.07158768923;4.42250289042;4.97696076362,ACTB;HLA-C;HLA-B,3.07158768923;4.29068490758;5.10962991134,GNLY;NKG7,3.07158768923;4.42250289042,ACTB;HLA-C,3.07158768923;4.29068490758,13;2,0;0.131817982838,0.14221331998;0.261392088132,0;1,5.75546653313;3.877556847,B2M TMSB4X HLA-B CCL5 NKG7 FGFBP2 HLA-C CXCR4 FTH1 GZMB H3F3B PRR5L FTL HLA-A PTMA RARRES3 TYROBP CCL4 CTSW DYNLL1 EVL GZMH HLA-E IRF1 LDHA NCOR1 OASL TMIGD2 ACTB ARPC3 BTG1 C11orf83 CARD16 CD63 CLEC2B CMPK1 FAM76A GIMAP2 GIMAP4 GLTSCR2 GNB2L1 GNLY HCST HLA-F IFI27 IFNGR1 KIAA1551 KRT10 NEDD8 PRSS23,B2M TMSB4X HLA-B CCL5 MASKED_GENE FGFBP2 HLA-C CXCR4 FTH1 GZMB H3F3B PRR5L FTL HLA-A PTMA RARRES3 TYROBP CCL4 CTSW DYNLL1 EVL GZMH HLA-E IRF1 LDHA NCOR1 OASL TMIGD2 ACTB ARPC3 BTG1 C11orf83 CARD16 CD63 CLEC2B CMPK1 FAM76A GIMAP2 GIMAP4 GLTSCR2 GNB2L1 MASKED_GENE HCST HLA-F IFI27 IFNGR1 KIAA1551 KRT10 NEDD8 PRSS23,B2M TMSB4X HLA-B CCL5 NKG7 FGFBP2 MASKED_GENE CXCR4 FTH1 GZMB H3F3B PRR5L FTL HLA-A PTMA RARRES3 TYROBP CCL4 CTSW DYNLL1 EVL GZMH HLA-E IRF1 LDHA NCOR1 OASL TMIGD2 MASKED_GENE ARPC3 BTG1 C11orf83 CARD16 CD63 CLEC2B CMPK1 FAM76A GIMAP2 GIMAP4 GLTSCR2 GNB2L1 GNLY HCST HLA-F IFI27 IFNGR1 KIAA1551 KRT10 NEDD8 PRSS23
intervention,gse96583:ctrl:1015:AAGATTACCAAGCT-1,AAGATTACCAAGCT-1,1015,1015,ctrl,singlet,NK cells,0,held_out_triple_sentinel,1015:held_out_triple_sentinel,00ffc72d1c122a8c1cc2b7f15b78976a8bf95585f0295c7133bd3806f500c0ac,972,GNLY_NKG7_CCL5_sentinel_factorial,GNLY+CCL5,2,101,GNLY;NKG7;CCL5,3.07158768923;4.42250289042;4.97696076362,ACTB;HLA-C;HLA-B,3.07158768923;4.29068490758;5.10962991134,GNLY;CCL5,3.07158768923;4.97696076362,ACTB;HLA-B,3.07158768923;5.10962991134,13;1,0;0.132669147718,0.14221331998;0.272909364046,0;1,5.75546653313;3.66109860256,B2M TMSB4X HLA-B CCL5 NKG7 FGFBP2 HLA-C CXCR4 FTH1 GZMB H3F3B PRR5L FTL HLA-A PTMA RARRES3 TYROBP CCL4 CTSW DYNLL1 EVL GZMH HLA-E IRF1 LDHA NCOR1 OASL TMIGD2 ACTB ARPC3 BTG1 C11orf83 CARD16 CD63 CLEC2B CMPK1 FAM76A GIMAP2 GIMAP4 GLTSCR2 GNB2L1 GNLY HCST HLA-F IFI27 IFNGR1 KIAA1551 KRT10 NEDD8 PRSS23,B2M TMSB4X HLA-B MASKED_GENE NKG7 FGFBP2 HLA-C CXCR4 FTH1 GZMB H3F3B PRR5L FTL HLA-A PTMA RARRES3 TYROBP CCL4 CTSW DYNLL1 EVL GZMH HLA-E IRF1 LDHA NCOR1 OASL TMIGD2 ACTB ARPC3 BTG1 C11orf83 CARD16 CD63 CLEC2B CMPK1 FAM76A GIMAP2 GIMAP4 GLTSCR2 GNB2L1 MASKED_GENE HCST HLA-F IFI27 IFNGR1 KIAA1551 KRT10 NEDD8 PRSS23,B2M TMSB4X MASKED_GENE CCL5 NKG7 FGFBP2 HLA-C CXCR4 FTH1 GZMB H3F3B PRR5L FTL HLA-A PTMA RARRES3 TYROBP CCL4 CTSW DYNLL1 EVL GZMH HLA-E IRF1 LDHA NCOR1 OASL TMIGD2 MASKED_GENE ARPC3 BTG1 C11orf83 CARD16 CD63 CLEC2B CMPK1 FAM76A GIMAP2 GIMAP4 GLTSCR2 GNB2L1 GNLY HCST HLA-F IFI27 IFNGR1 KIAA1551 KRT10 NEDD8 PRSS23
intervention,gse96583:ctrl:1015:AAGATTACCAAGCT-1,AAGATTACCAAGCT-1,1015,1015,ctrl,singlet,NK cells,0,held_out_triple_sentinel,1015:held_out_triple_sentinel,00ffc72d1c122a8c1cc2b7f15b78976a8bf95585f0295c7133bd3806f500c0ac,972,GNLY_NKG7_CCL5_sentinel_factorial,NKG7+CCL5,2,011,GNLY;NKG7;CCL5,3.07158768923;4.42250289042;4.97696076362,ACTB;HLA-C;HLA-B,3.07158768923;4.29068490758;5.10962991134,NKG7;CCL5,4.42250289042;4.97696076362,HLA-C;HLA-B,4.29068490758;5.10962991134,2;1,0.131817982838;0.132669147718,0.261392088132;0.272909364046,1;1,3.877556847;3.66109860256,B2M TMSB4X HLA-B CCL5 NKG7 FGFBP2 HLA-C CXCR4 FTH1 GZMB H3F3B PRR5L FTL HLA-A PTMA RARRES3 TYROBP CCL4 CTSW DYNLL1 EVL GZMH HLA-E IRF1 LDHA NCOR1 OASL TMIGD2 ACTB ARPC3 BTG1 C11orf83 CARD16 CD63 CLEC2B CMPK1 FAM76A GIMAP2 GIMAP4 GLTSCR2 GNB2L1 GNLY HCST HLA-F IFI27 IFNGR1 KIAA1551 KRT10 NEDD8 PRSS23,B2M TMSB4X HLA-B MASKED_GENE MASKED_GENE FGFBP2 HLA-C CXCR4 FTH1 GZMB H3F3B PRR5L FTL HLA-A PTMA RARRES3 TYROBP CCL4 CTSW DYNLL1 EVL GZMH HLA-E IRF1 LDHA NCOR1 OASL TMIGD2 ACTB ARPC3 BTG1 C11orf83 CARD16 CD63 CLEC2B CMPK1 FAM76A GIMAP2 GIMAP4 GLTSCR2 GNB2L1 GNLY HCST HLA-F IFI27 IFNGR1 KIAA1551 KRT10 NEDD8 PRSS23,B2M TMSB4X MASKED_GENE CCL5 NKG7 FGFBP2 MASKED_GENE CXCR4 FTH1 GZMB H3F3B PRR5L FTL HLA-A PTMA RARRES3 TYROBP CCL4 CTSW DYNLL1 EVL GZMH HLA-E IRF1 LDHA NCOR1 OASL TMIGD2 ACTB ARPC3 BTG1 C11orf83 CARD16 CD63 CLEC2B CMPK1 FAM76A GIMAP2 GIMAP4 GLTSCR2 GNB2L1 GNLY HCST HLA-F IFI27 IFNGR1 KIAA1551 KRT10 NEDD8 PRSS23
intervention,gse96583:ctrl:1015:AAGATTACCAAGCT-1,AAGATTACCAAGCT-1,1015,1015,ctrl,singlet,NK cells,0,held_out_triple_sentinel,1015:held_out_triple_sentinel,00ffc72d1c122a8c1cc2b7f15b78976a8bf95585f0295c7133bd3806f500c0ac,972,GNLY_NKG7_CCL5_sentinel_factorial,GNLY+NKG7+CCL5,3,111,GNLY;NKG7;CCL5,3.07158768923;4.42250289042;4.97696076362,ACTB;HLA-C;HLA-B,3.07158768923;4.29068490758;5.10962991134,GNLY;NKG7;CCL5,3.07158768923;4.42250289042;4.97696076362,ACTB;HLA-C;HLA-B,3.07158768923;4.29068490758;5.10962991134,13;2;1,0;0.131817982838;0.132669147718,0.14221331998;0.261392088132;0.272909364046,0;1;1,5.75546653313;3.877556847;3.66109860256,B2M TMSB4X HLA-B CCL5 NKG7 FGFBP2 HLA-C CXCR4 FTH1 GZMB H3F3B PRR5L FTL HLA-A PTMA RARRES3 TYROBP CCL4 CTSW DYNLL1 EVL GZMH HLA-E IRF1 LDHA NCOR1 OASL TMIGD2 ACTB ARPC3 BTG1 C11orf83 CARD16 CD63 CLEC2B CMPK1 FAM76A GIMAP2 GIMAP4 GLTSCR2 GNB2L1 GNLY HCST HLA-F IFI27 IFNGR1 KIAA1551 KRT10 NEDD8 PRSS23,B2M TMSB4X HLA-B MASKED_GENE MASKED_GENE FGFBP2 HLA-C CXCR4 FTH1 GZMB H3F3B PRR5L FTL HLA-A PTMA RARRES3 TYROBP CCL4 CTSW DYNLL1 EVL GZMH HLA-E IRF1 LDHA NCOR1 OASL TMIGD2 ACTB ARPC3 BTG1 C11orf83 CARD16 CD63 CLEC2B CMPK1 FAM76A GIMAP2 GIMAP4 GLTSCR2 GNB2L1 MASKED_GENE HCST HLA-F IFI27 IFNGR1 KIAA1551 KRT10 NEDD8 PRSS23,B2M TMSB4X MASKED_GENE CCL5 NKG7 FGFBP2 MASKED_GENE CXCR4 FTH1 GZMB H3F3B PRR5L FTL HLA-A PTMA RARRES3 TYROBP CCL4 CTSW DYNLL1 EVL GZMH HLA-E IRF1 LDHA NCOR1 OASL TMIGD2 MASKED_GENE ARPC3 BTG1 C11orf83 CARD16 CD63 CLEC2B CMPK1 FAM76A GIMAP2 GIMAP4 GLTSCR2 GNB2L1 GNLY HCST HLA-F IFI27 IFNGR1 KIAA1551 KRT10 NEDD8 PRSS23
base,gse96583:ctrl:1016:CTTTAGACAGCCAT-1,CTTTAGACAGCCAT-1,1016,1016,ctrl,singlet,NK cells,0,held_out_triple_sentinel,1016:held_out_triple_sentinel,02bd40d86c0d8b8df05d803ccbeebc975cdc62ce9688b3f3a5ca061cc2e7d67b,731,none,none,0,000,GNLY;NKG7;CCL5,4.23987898282;4.02033129252;4.82124090407,HLA-B;HLA-A;ANXA1,4.23987898282;4.02033129252;4.57222576845,,,,,,,,,,B2M TMSB4X CCL5 ANXA1 GZMB GZMH GNLY HLA-B ALOX5AP BTG1 HLA-A NKG7 PTPRC TPT1 APOBEC3G CALM1 OAZ1 PSMB8 SEPT7 ARPC2 ATP5G2 CD52 CLEC2D COMMD6 CXCR4 DIP2A EEF1A1 EEF1D EMC4 FTH1 GCC2 GZMA HINT1 HLA-C LDHA PFDN5 PFN1 PSMA4 PTMA PYHIN1 RNF113A RORA RSL24D1 SELK SELT SERF2 SH3BGRL3 SRP14 TAPSAR1 UBL5,B2M TMSB4X CCL5 ANXA1 GZMB GZMH GNLY HLA-B ALOX5AP BTG1 HLA-A NKG7 PTPRC TPT1 APOBEC3G CALM1 OAZ1 PSMB8 SEPT7 ARPC2 ATP5G2 CD52 CLEC2D COMMD6 CXCR4 DIP2A EEF1A1 EEF1D EMC4 FTH1 GCC2 GZMA HINT1 HLA-C LDHA PFDN5 PFN1 PSMA4 PTMA PYHIN1 RNF113A RORA RSL24D1 SELK SELT SERF2 SH3BGRL3 SRP14 TAPSAR1 UBL5,B2M TMSB4X CCL5 ANXA1 GZMB GZMH GNLY HLA-B ALOX5AP BTG1 HLA-A NKG7 PTPRC TPT1 APOBEC3G CALM1 OAZ1 PSMB8 SEPT7 ARPC2 ATP5G2 CD52 CLEC2D COMMD6 CXCR4 DIP2A EEF1A1 EEF1D EMC4 FTH1 GCC2 GZMA HINT1 HLA-C LDHA PFDN5 PFN1 PSMA4 PTMA PYHIN1 RNF113A RORA RSL24D1 SELK SELT SERF2 SH3BGRL3 SRP14 TAPSAR1 UBL5
intervention,gse96583:ctrl:1016:CTTTAGACAGCCAT-1,CTTTAGACAGCCAT-1,1016,1016,ctrl,singlet,NK cells,0,held_out_triple_sentinel,1016:held_out_triple_sentinel,02bd40d86c0d8b8df05d803ccbeebc975cdc62ce9688b3f3a5ca061cc2e7d67b,731,GNLY_NKG7_CCL5_sentinel_factorial,GNLY,1,100,GNLY;NKG7;CCL5,4.23987898282;4.02033129252;4.82124090407,HLA-B;HLA-A;ANXA1,4.23987898282;4.02033129252;4.57222576845,GNLY,4.23987898282,HLA-B,4.23987898282,1,0,0.388582874311,1,4.55249540978,B2M TMSB4X CCL5 ANXA1 GZMB GZMH GNLY HLA-B ALOX5AP BTG1 HLA-A NKG7 PTPRC TPT1 APOBEC3G CALM1 OAZ1 PSMB8 SEPT7 ARPC2 ATP5G2 CD52 CLEC2D COMMD6 CXCR4 DIP2A EEF1A1 EEF1D EMC4 FTH1 GCC2 GZMA HINT1 HLA-C LDHA PFDN5 PFN1 PSMA4 PTMA PYHIN1 RNF113A RORA RSL24D1 SELK SELT SERF2 SH3BGRL3 SRP14 TAPSAR1 UBL5,B2M TMSB4X CCL5 ANXA1 GZMB GZMH MASKED_GENE HLA-B ALOX5AP BTG1 HLA-A NKG7 PTPRC TPT1 APOBEC3G CALM1 OAZ1 PSMB8 SEPT7 ARPC2 ATP5G2 CD52 CLEC2D COMMD6 CXCR4 DIP2A EEF1A1 EEF1D EMC4 FTH1 GCC2 GZMA HINT1 HLA-C LDHA PFDN5 PFN1 PSMA4 PTMA PYHIN1 RNF113A RORA RSL24D1 SELK SELT SERF2 SH3BGRL3 SRP14 TAPSAR1 UBL5,B2M TMSB4X CCL5 ANXA1 GZMB GZMH GNLY MASKED_GENE ALOX5AP BTG1 HLA-A NKG7 PTPRC TPT1 APOBEC3G CALM1 OAZ1 PSMB8 SEPT7 ARPC2 ATP5G2 CD52 CLEC2D COMMD6 CXCR4 DIP2A EEF1A1 EEF1D EMC4 FTH1 GCC2 GZMA HINT1 HLA-C LDHA PFDN5 PFN1 PSMA4 PTMA PYHIN1 RNF113A RORA RSL24D1 SELK SELT SERF2 SH3BGRL3 SRP14 TAPSAR1 UBL5
intervention,gse96583:ctrl:1016:CTTTAGACAGCCAT-1,CTTTAGACAGCCAT-1,1016,1016,ctrl,singlet,NK cells,0,held_out_triple_sentinel,1016:held_out_triple_sentinel,02bd40d86c0d8b8df05d803ccbeebc975cdc62ce9688b3f3a5ca061cc2e7d67b,731,GNLY_NKG7_CCL5_sentinel_factorial,NKG7,1,010,GNLY;NKG7;CCL5,4.23987898282;4.02033129252;4.82124090407,HLA-B;HLA-A;ANXA1,4.23987898282;4.02033129252;4.57222576845,NKG7,4.02033129252,HLA-A,4.02033129252,1,0,0.311967951928,1,3.78634618595,B2M TMSB4X CCL5 ANXA1 GZMB GZMH GNLY HLA-B ALOX5AP BTG1 HLA-A NKG7 PTPRC TPT1 APOBEC3G CALM1 OAZ1 PSMB8 SEPT7 ARPC2 ATP5G2 CD52 CLEC2D COMMD6 CXCR4 DIP2A EEF1A1 EEF1D EMC4 FTH1 GCC2 GZMA HINT1 HLA-C LDHA PFDN5 PFN1 PSMA4 PTMA PYHIN1 RNF113A RORA RSL24D1 SELK SELT SERF2 SH3BGRL3 SRP14 TAPSAR1 UBL5,B2M TMSB4X CCL5 ANXA1 GZMB GZMH GNLY HLA-B ALOX5AP BTG1 HLA-A MASKED_GENE PTPRC TPT1 APOBEC3G CALM1 OAZ1 PSMB8 SEPT7 ARPC2 ATP5G2 CD52 CLEC2D COMMD6 CXCR4 DIP2A EEF1A1 EEF1D EMC4 FTH1 GCC2 GZMA HINT1 HLA-C LDHA PFDN5 PFN1 PSMA4 PTMA PYHIN1 RNF113A RORA RSL24D1 SELK SELT SERF2 SH3BGRL3 SRP14 TAPSAR1 UBL5,B2M TMSB4X CCL5 ANXA1 GZMB GZMH GNLY HLA-B ALOX5AP BTG1 MASKED_GENE NKG7 PTPRC TPT1 APOBEC3G CALM1 OAZ1 PSMB8 SEPT7 ARPC2 ATP5G2 CD52 CLEC2D COMMD6 CXCR4 DIP2A EEF1A1 EEF1D EMC4 FTH1 GCC2 GZMA HINT1 HLA-C LDHA PFDN5 PFN1 PSMA4 PTMA PYHIN1 RNF113A RORA RSL24D1 SELK SELT SERF2 SH3BGRL3 SRP14 TAPSAR1 UBL5
intervention,gse96583:ctrl:1016:CTTTAGACAGCCAT-1,CTTTAGACAGCCAT-1,1016,1016,ctrl,singlet,NK cells,0,held_out_triple_sentinel,1016:held_out_triple_sentinel,02bd40d86c0d8b8df05d803ccbeebc975cdc62ce9688b3f3a5ca061cc2e7d67b,731,GNLY_NKG7_CCL5_sentinel_factorial,CCL5,1,001,GNLY;NKG7;CCL5,4.23987898282;4.02033129252;4.82124090407,HLA-B;HLA-A;ANXA1,4.23987898282;4.02033129252;4.57222576845,CCL5,4.82124090407,ANXA1,4.57222576845,1,0.249015135613,0.258888332499,1,3.75358026288,B2M TMSB4X CCL5 ANXA1 GZMB GZMH GNLY HLA-B ALOX5AP BTG1 HLA-A NKG7 PTPRC TPT1 APOBEC3G CALM1 OAZ1 PSMB8 SEPT7 ARPC2 ATP5G2 CD52 CLEC2D COMMD6 CXCR4 DIP2A EEF1A1 EEF1D EMC4 FTH1 GCC2 GZMA HINT1 HLA-C LDHA PFDN5 PFN1 PSMA4 PTMA PYHIN1 RNF113A RORA RSL24D1 SELK SELT SERF2 SH3BGRL3 SRP14 TAPSAR1 UBL5,B2M TMSB4X MASKED_GENE ANXA1 GZMB GZMH GNLY HLA-B ALOX5AP BTG1 HLA-A NKG7 PTPRC TPT1 APOBEC3G CALM1 OAZ1 PSMB8 SEPT7 ARPC2 ATP5G2 CD52 CLEC2D COMMD6 CXCR4 DIP2A EEF1A1 EEF1D EMC4 FTH1 GCC2 GZMA HINT1 HLA-C LDHA PFDN5 PFN1 PSMA4 PTMA PYHIN1 RNF113A RORA RSL24D1 SELK SELT SERF2 SH3BGRL3 SRP14 TAPSAR1 UBL5,B2M TMSB4X CCL5 MASKED_GENE GZMB GZMH GNLY HLA-B ALOX5AP BTG1 HLA-A NKG7 PTPRC TPT1 APOBEC3G CALM1 OAZ1 PSMB8 SEPT7 ARPC2 ATP5G2 CD52 CLEC2D COMMD6 CXCR4 DIP2A EEF1A1 EEF1D EMC4 FTH1 GCC2 GZMA HINT1 HLA-C LDHA PFDN5 PFN1 PSMA4 PTMA PYHIN1 RNF113A RORA RSL24D1 SELK SELT SERF2 SH3BGRL3 SRP14 TAPSAR1 UBL5
intervention,gse96583:ctrl:1016:CTTTAGACAGCCAT-1,CTTTAGACAGCCAT-1,1016,1016,ctrl,singlet,NK cells,0,held_out_triple_sentinel,1016:held_out_triple_sentinel,02bd40d86c0d8b8df05d803ccbeebc975cdc62ce9688b3f3a5ca061cc2e7d67b,731,GNLY_NKG7_CCL5_sentinel_factorial,GNLY+NKG7,2,110,GNLY;NKG7;CCL5,4.23987898282;4.02033129252;4.82124090407,HLA-B;HLA-A;ANXA1,4.23987898282;4.02033129252;4.57222576845,GNLY;NKG7,4.23987898282;4.02033129252,HLA-B;HLA-A,4.23987898282;4.02033129252,1;1,0;0,0.388582874311;0.311967951928,1;1,4.55249540978;3.78634618595,B2M TMSB4X CCL5 ANXA1 GZMB GZMH GNLY HLA-B ALOX5AP BTG1 HLA-A NKG7 PTPRC TPT1 APOBEC3G CALM1 OAZ1 PSMB8 SEPT7 ARPC2 ATP5G2 CD52 CLEC2D COMMD6 CXCR4 DIP2A EEF1A1 EEF1D EMC4 FTH1 GCC2 GZMA HINT1 HLA-C LDHA PFDN5 PFN1 PSMA4 PTMA PYHIN1 RNF113A RORA RSL24D1 SELK SELT SERF2 SH3BGRL3 SRP14 TAPSAR1 UBL5,B2M TMSB4X CCL5 ANXA1 GZMB GZMH MASKED_GENE HLA-B ALOX5AP BTG1 HLA-A MASKED_GENE PTPRC TPT1 APOBEC3G CALM1 OAZ1 PSMB8 SEPT7 ARPC2 ATP5G2 CD52 CLEC2D COMMD6 CXCR4 DIP2A EEF1A1 EEF1D EMC4 FTH1 GCC2 GZMA HINT1 HLA-C LDHA PFDN5 PFN1 PSMA4 PTMA PYHIN1 RNF113A RORA RSL24D1 SELK SELT SERF2 SH3BGRL3 SRP14 TAPSAR1 UBL5,B2M TMSB4X CCL5 ANXA1 GZMB GZMH GNLY MASKED_GENE ALOX5AP BTG1 MASKED_GENE NKG7 PTPRC TPT1 APOBEC3G CALM1 OAZ1 PSMB8 SEPT7 ARPC2 ATP5G2 CD52 CLEC2D COMMD6 CXCR4 DIP2A EEF1A1 EEF1D EMC4 FTH1 GCC2 GZMA HINT1 HLA-C LDHA PFDN5 PFN1 PSMA4 PTMA PYHIN1 RNF113A RORA RSL24D1 SELK SELT SERF2 SH3BGRL3 SRP14 TAPSAR1 UBL5
intervention,gse96583:ctrl:1016:CTTTAGACAGCCAT-1,CTTTAGACAGCCAT-1,1016,1016,ctrl,singlet,NK cells,0,held_out_triple_sentinel,1016:held_out_triple_sentinel,02bd40d86c0d8b8df05d803ccbeebc975cdc62ce9688b3f3a5ca061cc2e7d67b,731,GNLY_NKG7_CCL5_sentinel_factorial,GNLY+CCL5,2,101,GNLY;NKG7;CCL5,4.23987898282;4.02033129252;4.82124090407,HLA-B;HLA-A;ANXA1,4.23987898282;4.02033129252;4.57222576845,GNLY;CCL5,4.23987898282;4.82124090407,HLA-B;ANXA1,4.23987898282;4.57222576845,1;1,0;0.249015135613,0.388582874311;0.258888332499,1;1,4.55249540978;3.75358026288,B2M TMSB4X CCL5 ANXA1 GZMB GZMH GNLY HLA-B ALOX5AP BTG1 HLA-A NKG7 PTPRC TPT1 APOBEC3G CALM1 OAZ1 PSMB8 SEPT7 ARPC2 ATP5G2 CD52 CLEC2D COMMD6 CXCR4 DIP2A EEF1A1 EEF1D EMC4 FTH1 GCC2 GZMA HINT1 HLA-C LDHA PFDN5 PFN1 PSMA4 PTMA PYHIN1 RNF113A RORA RSL24D1 SELK SELT SERF2 SH3BGRL3 SRP14 TAPSAR1 UBL5,B2M TMSB4X MASKED_GENE ANXA1 GZMB GZMH MASKED_GENE HLA-B ALOX5AP BTG1 HLA-A NKG7 PTPRC TPT1 APOBEC3G CALM1 OAZ1 PSMB8 SEPT7 ARPC2 ATP5G2 CD52 CLEC2D COMMD6 CXCR4 DIP2A EEF1A1 EEF1D EMC4 FTH1 GCC2 GZMA HINT1 HLA-C LDHA PFDN5 PFN1 PSMA4 PTMA PYHIN1 RNF113A RORA RSL24D1 SELK SELT SERF2 SH3BGRL3 SRP14 TAPSAR1 UBL5,B2M TMSB4X CCL5 MASKED_GENE GZMB GZMH GNLY MASKED_GENE ALOX5AP BTG1 HLA-A NKG7 PTPRC TPT1 APOBEC3G CALM1 OAZ1 PSMB8 SEPT7 ARPC2 ATP5G2 CD52 CLEC2D COMMD6 CXCR4 DIP2A EEF1A1 EEF1D EMC4 FTH1 GCC2 GZMA HINT1 HLA-C LDHA PFDN5 PFN1 PSMA4 PTMA PYHIN1 RNF113A RORA RSL24D1 SELK SELT SERF2 SH3BGRL3 SRP14 TAPSAR1 UBL5
intervention,gse96583:ctrl:1016:CTTTAGACAGCCAT-1,CTTTAGACAGCCAT-1,1016,1016,ctrl,singlet,NK cells,0,held_out_triple_sentinel,1016:held_out_triple_sentinel,02bd40d86c0d8b8df05d803ccbeebc975cdc62ce9688b3f3a5ca061cc2e7d67b,731,GNLY_NKG7_CCL5_sentinel_factorial,NKG7+CCL5,2,011,GNLY;NKG7;CCL5,4.23987898282;4.02033129252;4.82124090407,HLA-B;HLA-A;ANXA1,4.23987898282;4.02033129252;4.57222576845,NKG7;CCL5,4.02033129252;4.82124090407,HLA-A;ANXA1,4.02033129252;4.57222576845,1;1,0;0.249015135613,0.311967951928;0.258888332499,1;1,3.78634618595;3.75358026288,B2M TMSB4X CCL5 ANXA1 GZMB GZMH GNLY HLA-B ALOX5AP BTG1 HLA-A NKG7 PTPRC TPT1 APOBEC3G CALM1 OAZ1 PSMB8 SEPT7 ARPC2 ATP5G2 CD52 CLEC2D COMMD6 CXCR4 DIP2A EEF1A1 EEF1D EMC4 FTH1 GCC2 GZMA HINT1 HLA-C LDHA PFDN5 PFN1 PSMA4 PTMA PYHIN1 RNF113A RORA RSL24D1 SELK SELT SERF2 SH3BGRL3 SRP14 TAPSAR1 UBL5,B2M TMSB4X MASKED_GENE ANXA1 GZMB GZMH GNLY HLA-B ALOX5AP BTG1 HLA-A MASKED_GENE PTPRC TPT1 APOBEC3G CALM1 OAZ1 PSMB8 SEPT7 ARPC2 ATP5G2 CD52 CLEC2D COMMD6 CXCR4 DIP2A EEF1A1 EEF1D EMC4 FTH1 GCC2 GZMA HINT1 HLA-C LDHA PFDN5 PFN1 PSMA4 PTMA PYHIN1 RNF113A RORA RSL24D1 SELK SELT SERF2 SH3BGRL3 SRP14 TAPSAR1 UBL5,B2M TMSB4X CCL5 MASKED_GENE GZMB GZMH GNLY HLA-B ALOX5AP BTG1 MASKED_GENE NKG7 PTPRC TPT1 APOBEC3G CALM1 OAZ1 PSMB8 SEPT7 ARPC2 ATP5G2 CD52 CLEC2D COMMD6 CXCR4 DIP2A EEF1A1 EEF1D EMC4 FTH1 GCC2 GZMA HINT1 HLA-C LDHA PFDN5 PFN1 PSMA4 PTMA PYHIN1 RNF113A RORA RSL24D1 SELK SELT SERF2 SH3BGRL3 SRP14 TAPSAR1 UBL5
intervention,gse96583:ctrl:1016:CTTTAGACAGCCAT-1,CTTTAGACAGCCAT-1,1016,1016,ctrl,singlet,NK cells,0,held_out_triple_sentinel,1016:held_out_triple_sentinel,02bd40d86c0d8b8df05d803ccbeebc975cdc62ce9688b3f3a5ca061cc2e7d67b,731,GNLY_NKG7_CCL5_sentinel_factorial,GNLY+NKG7+CCL5,3,111,GNLY;NKG7;CCL5,4.23987898282;4.02033129252;4.82124090407,HLA-B;HLA-A;ANXA1,4.23987898282;4.02033129252;4.57222576845,GNLY;NKG7;CCL5,4.23987898282;4.02033129252;4.82124090407,HLA-B;HLA-A;ANXA1,4.23987898282;4.02033129252;4.57222576845,1;1;1,0;0;0.249015135613,0.388582874311;0.311967951928;0.258888332499,1;1;1,4.55249540978;3.78634618595;3.75358026288,B2M TMSB4X CCL5 ANXA1 GZMB GZMH GNLY HLA-B ALOX5AP BTG1 HLA-A NKG7 PTPRC TPT1 APOBEC3G CALM1 OAZ1 PSMB8 SEPT7 ARPC2 ATP5G2 CD52 CLEC2D COMMD6 CXCR4 DIP2A EEF1A1 EEF1D EMC4 FTH1 GCC2 GZMA HINT1 HLA-C LDHA PFDN5 PFN1 PSMA4 PTMA PYHIN1 RNF113A RORA RSL24D1 SELK SELT SERF2 SH3BGRL3 SRP14 TAPSAR1 UBL5,B2M TMSB4X MASKED_GENE ANXA1 GZMB GZMH MASKED_GENE HLA-B ALOX5AP BTG1 HLA-A MASKED_GENE PTPRC TPT1 APOBEC3G CALM1 OAZ1 PSMB8 SEPT7 ARPC2 ATP5G2 CD52 CLEC2D COMMD6 CXCR4 DIP2A EEF1A1 EEF1D EMC4 FTH1 GCC2 GZMA HINT1 HLA-C LDHA PFDN5 PFN1 PSMA4 PTMA PYHIN1 RNF113A RORA RSL24D1 SELK SELT SERF2 SH3BGRL3 SRP14 TAPSAR1 UBL5,B2M TMSB4X CCL5 MASKED_GENE GZMB GZMH GNLY MASKED_GENE ALOX5AP BTG1 MASKED_GENE NKG7 PTPRC TPT1 APOBEC3G CALM1 OAZ1 PSMB8 SEPT7 ARPC2 ATP5G2 CD52 CLEC2D COMMD6 CXCR4 DIP2A EEF1A1 EEF1D EMC4 FTH1 GCC2 GZMA HINT1 HLA-C LDHA PFDN5 PFN1 PSMA4 PTMA PYHIN1 RNF113A RORA RSL24D1 SELK SELT SERF2 SH3BGRL3 SRP14 TAPSAR1 UBL5
base,gse96583:ctrl:1039:AGTCACGAGCTTCC-1,AGTCACGAGCTTCC-1,1039,1039,ctrl,singlet,NK cells,0,held_out_triple_sentinel,1039:held_out_triple_sentinel,42a8551930ac094222968d512b70f61a713894a6ecd6cc94e0cb33ba8ba6fd71,1125,none,none,0,000,GNLY;NKG7;CCL5,4.49857433972;3.99513791214;3.81649057871,GAPDH;PTMA;H3F3B,4.49857433972;4.49857433972;3.59883317343,,,,,,,,,,TMSB4X B2M FTH1 HLA-A GAPDH GNLY PTMA SH3BGRL3 GZMB HLA-B GPX1 NKG7 CCL5 CD63 UBC H3F3B LIMD2 SKP1 YBX1 EMP3 GCHFR HLA-C HMGB1 HOPX OAZ1 PFDN5 PFN1 PPDPF PRR13 PSME1 PTAR1 UQCRFS1 AC147651.3 ACTB AKR1A1 ALOX5AP APRT ARF1 ARHGDIB ASCC2 ATP5E BANF1 BTF3 BTG1 C1orf52 CCNDBP1 CD37 CD7 CFL1 CLIC3,TMSB4X B2M FTH1 HLA-A GAPDH GNLY PTMA SH3BGRL3 GZMB HLA-B GPX1 NKG7 CCL5 CD63 UBC H3F3B LIMD2 SKP1 YBX1 EMP3 GCHFR HLA-C HMGB1 HOPX OAZ1 PFDN5 PFN1 PPDPF PRR13 PSME1 PTAR1 UQCRFS1 AC147651.3 ACTB AKR1A1 ALOX5AP APRT ARF1 ARHGDIB ASCC2 ATP5E BANF1 BTF3 BTG1 C1orf52 CCNDBP1 CD37 CD7 CFL1 CLIC3,TMSB4X B2M FTH1 HLA-A GAPDH GNLY PTMA SH3BGRL3 GZMB HLA-B GPX1 NKG7 CCL5 CD63 UBC H3F3B LIMD2 SKP1 YBX1 EMP3 GCHFR HLA-C HMGB1 HOPX OAZ1 PFDN5 PFN1 PPDPF PRR13 PSME1 PTAR1 UQCRFS1 AC147651.3 ACTB AKR1A1 ALOX5AP APRT ARF1 ARHGDIB ASCC2 ATP5E BANF1 BTF3 BTG1 C1orf52 CCNDBP1 CD37 CD7 CFL1 CLIC3
intervention,gse96583:ctrl:1039:AGTCACGAGCTTCC-1,AGTCACGAGCTTCC-1,1039,1039,ctrl,singlet,NK cells,0,held_out_triple_sentinel,1039:held_out_triple_sentinel,42a8551930ac094222968d512b70f61a713894a6ecd6cc94e0cb33ba8ba6fd71,1125,GNLY_NKG7_CCL5_sentinel_factorial,GNLY,1,100,GNLY;NKG7;CCL5,4.49857433972;3.99513791214;3.81649057871,GAPDH;PTMA;H3F3B,4.49857433972;4.49857433972;3.59883317343,GNLY,4.49857433972,GAPDH,4.49857433972,1,0,0.121181772659,1,1.87848439326,TMSB4X B2M FTH1 HLA-A GAPDH GNLY PTMA SH3BGRL3 GZMB HLA-B GPX1 NKG7 CCL5 CD63 UBC H3F3B LIMD2 SKP1 YBX1 EMP3 GCHFR HLA-C HMGB1 HOPX OAZ1 PFDN5 PFN1 PPDPF PRR13 PSME1 PTAR1 UQCRFS1 AC147651.3 ACTB AKR1A1 ALOX5AP APRT ARF1 ARHGDIB ASCC2 ATP5E BANF1 BTF3 BTG1 C1orf52 CCNDBP1 CD37 CD7 CFL1 CLIC3,TMSB4X B2M FTH1 HLA-A GAPDH MASKED_GENE PTMA SH3BGRL3 GZMB HLA-B GPX1 NKG7 CCL5 CD63 UBC H3F3B LIMD2 SKP1 YBX1 EMP3 GCHFR HLA-C HMGB1 HOPX OAZ1 PFDN5 PFN1 PPDPF PRR13 PSME1 PTAR1 UQCRFS1 AC147651.3 ACTB AKR1A1 ALOX5AP APRT ARF1 ARHGDIB ASCC2 ATP5E BANF1 BTF3 BTG1 C1orf52 CCNDBP1 CD37 CD7 CFL1 CLIC3,TMSB4X B2M FTH1 HLA-A MASKED_GENE GNLY PTMA SH3BGRL3 GZMB HLA-B GPX1 NKG7 CCL5 CD63 UBC H3F3B LIMD2 SKP1 YBX1 EMP3 GCHFR HLA-C HMGB1 HOPX OAZ1 PFDN5 PFN1 PPDPF PRR13 PSME1 PTAR1 UQCRFS1 AC147651.3 ACTB AKR1A1 ALOX5AP APRT ARF1 ARHGDIB ASCC2 ATP5E BANF1 BTF3 BTG1 C1orf52 CCNDBP1 CD37 CD7 CFL1 CLIC3
intervention,gse96583:ctrl:1039:AGTCACGAGCTTCC-1,AGTCACGAGCTTCC-1,1039,1039,ctrl,singlet,NK cells,0,held_out_triple_sentinel,1039:held_out_triple_sentinel,42a8551930ac094222968d512b70f61a713894a6ecd6cc94e0cb33ba8ba6fd71,1125,GNLY_NKG7_CCL5_sentinel_factorial,NKG7,1,010,GNLY;NKG7;CCL5,4.49857433972;3.99513791214;3.81649057871,GAPDH;PTMA;H3F3B,4.49857433972;4.49857433972;3.59883317343,NKG7,3.99513791214,PTMA,4.49857433972,5,0.503436427584,0.174261392088,0,4.41615344272,TMSB4X B2M FTH1 HLA-A GAPDH GNLY PTMA SH3BGRL3 GZMB HLA-B GPX1 NKG7 CCL5 CD63 UBC H3F3B LIMD2 SKP1 YBX1 EMP3 GCHFR HLA-C HMGB1 HOPX OAZ1 PFDN5 PFN1 PPDPF PRR13 PSME1 PTAR1 UQCRFS1 AC147651.3 ACTB AKR1A1 ALOX5AP APRT ARF1 ARHGDIB ASCC2 ATP5E BANF1 BTF3 BTG1 C1orf52 CCNDBP1 CD37 CD7 CFL1 CLIC3,TMSB4X B2M FTH1 HLA-A GAPDH GNLY PTMA SH3BGRL3 GZMB HLA-B GPX1 MASKED_GENE CCL5 CD63 UBC H3F3B LIMD2 SKP1 YBX1 EMP3 GCHFR HLA-C HMGB1 HOPX OAZ1 PFDN5 PFN1 PPDPF PRR13 PSME1 PTAR1 UQCRFS1 AC147651.3 ACTB AKR1A1 ALOX5AP APRT ARF1 ARHGDIB ASCC2 ATP5E BANF1 BTF3 BTG1 C1orf52 CCNDBP1 CD37 CD7 CFL1 CLIC3,TMSB4X B2M FTH1 HLA-A GAPDH GNLY MASKED_GENE SH3BGRL3 GZMB HLA-B GPX1 NKG7 CCL5 CD63 UBC H3F3B LIMD2 SKP1 YBX1 EMP3 GCHFR HLA-C HMGB1 HOPX OAZ1 PFDN5 PFN1 PPDPF PRR13 PSME1 PTAR1 UQCRFS1 AC147651.3 ACTB AKR1A1 ALOX5AP APRT ARF1 ARHGDIB ASCC2 ATP5E BANF1 BTF3 BTG1 C1orf52 CCNDBP1 CD37 CD7 CFL1 CLIC3
intervention,gse96583:ctrl:1039:AGTCACGAGCTTCC-1,AGTCACGAGCTTCC-1,1039,1039,ctrl,singlet,NK cells,0,held_out_triple_sentinel,1039:held_out_triple_sentinel,42a8551930ac094222968d512b70f61a713894a6ecd6cc94e0cb33ba8ba6fd71,1125,GNLY_NKG7_CCL5_sentinel_factorial,CCL5,1,001,GNLY;NKG7;CCL5,4.49857433972;3.99513791214;3.81649057871,GAPDH;PTMA;H3F3B,4.49857433972;4.49857433972;3.59883317343,CCL5,3.81649057871,H3F3B,3.59883317343,3,0.217657405277,0.0665998998498,1,2.43464714239,TMSB4X B2M FTH1 HLA-A GAPDH GNLY PTMA SH3BGRL3 GZMB HLA-B GPX1 NKG7 CCL5 CD63 UBC H3F3B LIMD2 SKP1 YBX1 EMP3 GCHFR HLA-C HMGB1 HOPX OAZ1 PFDN5 PFN1 PPDPF PRR13 PSME1 PTAR1 UQCRFS1 AC147651.3 ACTB AKR1A1 ALOX5AP APRT ARF1 ARHGDIB ASCC2 ATP5E BANF1 BTF3 BTG1 C1orf52 CCNDBP1 CD37 CD7 CFL1 CLIC3,TMSB4X B2M FTH1 HLA-A GAPDH GNLY PTMA SH3BGRL3 GZMB HLA-B GPX1 NKG7 MASKED_GENE CD63 UBC H3F3B LIMD2 SKP1 YBX1 EMP3 GCHFR HLA-C HMGB1 HOPX OAZ1 PFDN5 PFN1 PPDPF PRR13 PSME1 PTAR1 UQCRFS1 AC147651.3 ACTB AKR1A1 ALOX5AP APRT ARF1 ARHGDIB ASCC2 ATP5E BANF1 BTF3 BTG1 C1orf52 CCNDBP1 CD37 CD7 CFL1 CLIC3,TMSB4X B2M FTH1 HLA-A GAPDH GNLY PTMA SH3BGRL3 GZMB HLA-B GPX1 NKG7 CCL5 CD63 UBC MASKED_GENE LIMD2 SKP1 YBX1 EMP3 GCHFR HLA-C HMGB1 HOPX OAZ1 PFDN5 PFN1 PPDPF PRR13 PSME1 PTAR1 UQCRFS1 AC147651.3 ACTB AKR1A1 ALOX5AP APRT ARF1 ARHGDIB ASCC2 ATP5E BANF1 BTF3 BTG1 C1orf52 CCNDBP1 CD37 CD7 CFL1 CLIC3
intervention,gse96583:ctrl:1039:AGTCACGAGCTTCC-1,AGTCACGAGCTTCC-1,1039,1039,ctrl,singlet,NK cells,0,held_out_triple_sentinel,1039:held_out_triple_sentinel,42a8551930ac094222968d512b70f61a713894a6ecd6cc94e0cb33ba8ba6fd71,1125,GNLY_NKG7_CCL5_sentinel_factorial,GNLY+NKG7,2,110,GNLY;NKG7;CCL5,4.49857433972;3.99513791214;3.81649057871,GAPDH;PTMA;H3F3B,4.49857433972;4.49857433972;3.59883317343,GNLY;NKG7,4.49857433972;3.99513791214,GAPDH;PTMA,4.49857433972;4.49857433972,1;5,0;0.503436427584,0.121181772659;0.174261392088,1;0,1.87848439326;4.41615344272,TMSB4X B2M FTH1 HLA-A GAPDH GNLY PTMA SH3BGRL3 GZMB HLA-B GPX1 NKG7 CCL5 CD63 UBC H3F3B LIMD2 SKP1 YBX1 EMP3 GCHFR HLA-C HMGB1 HOPX OAZ1 PFDN5 PFN1 PPDPF PRR13 PSME1 PTAR1 UQCRFS1 AC147651.3 ACTB AKR1A1 ALOX5AP APRT ARF1 ARHGDIB ASCC2 ATP5E BANF1 BTF3 BTG1 C1orf52 CCNDBP1 CD37 CD7 CFL1 CLIC3,TMSB4X B2M FTH1 HLA-A GAPDH MASKED_GENE PTMA SH3BGRL3 GZMB HLA-B GPX1 MASKED_GENE CCL5 CD63 UBC H3F3B LIMD2 SKP1 YBX1 EMP3 GCHFR HLA-C HMGB1 HOPX OAZ1 PFDN5 PFN1 PPDPF PRR13 PSME1 PTAR1 UQCRFS1 AC147651.3 ACTB AKR1A1 ALOX5AP APRT ARF1 ARHGDIB ASCC2 ATP5E BANF1 BTF3 BTG1 C1orf52 CCNDBP1 CD37 CD7 CFL1 CLIC3,TMSB4X B2M FTH1 HLA-A MASKED_GENE GNLY MASKED_GENE SH3BGRL3 GZMB HLA-B GPX1 NKG7 CCL5 CD63 UBC H3F3B LIMD2 SKP1 YBX1 EMP3 GCHFR HLA-C HMGB1 HOPX OAZ1 PFDN5 PFN1 PPDPF PRR13 PSME1 PTAR1 UQCRFS1 AC147651.3 ACTB AKR1A1 ALOX5AP APRT ARF1 ARHGDIB ASCC2 ATP5E BANF1 BTF3 BTG1 C1orf52 CCNDBP1 CD37 CD7 CFL1 CLIC3
intervention,gse96583:ctrl:1039:AGTCACGAGCTTCC-1,AGTCACGAGCTTCC-1,1039,1039,ctrl,singlet,NK cells,0,held_out_triple_sentinel,1039:held_out_triple_sentinel,42a8551930ac094222968d512b70f61a713894a6ecd6cc94e0cb33ba8ba6fd71,1125,GNLY_NKG7_CCL5_sentinel_factorial,GNLY+CCL5,2,101,GNLY;NKG7;CCL5,4.49857433972;3.99513791214;3.81649057871,GAPDH;PTMA;H3F3B,4.49857433972;4.49857433972;3.59883317343,GNLY;CCL5,4.49857433972;3.81649057871,GAPDH;H3F3B,4.49857433972;3.59883317343,1;3,0;0.217657405277,0.121181772659;0.0665998998498,1;1,1.87848439326;2.43464714239,TMSB4X B2M FTH1 HLA-A GAPDH GNLY PTMA SH3BGRL3 GZMB HLA-B GPX1 NKG7 CCL5 CD63 UBC H3F3B LIMD2 SKP1 YBX1 EMP3 GCHFR HLA-C HMGB1 HOPX OAZ1 PFDN5 PFN1 PPDPF PRR13 PSME1 PTAR1 UQCRFS1 AC147651.3 ACTB AKR1A1 ALOX5AP APRT ARF1 ARHGDIB ASCC2 ATP5E BANF1 BTF3 BTG1 C1orf52 CCNDBP1 CD37 CD7 CFL1 CLIC3,TMSB4X B2M FTH1 HLA-A GAPDH MASKED_GENE PTMA SH3BGRL3 GZMB HLA-B GPX1 NKG7 MASKED_GENE CD63 UBC H3F3B LIMD2 SKP1 YBX1 EMP3 GCHFR HLA-C HMGB1 HOPX OAZ1 PFDN5 PFN1 PPDPF PRR13 PSME1 PTAR1 UQCRFS1 AC147651.3 ACTB AKR1A1 ALOX5AP APRT ARF1 ARHGDIB ASCC2 ATP5E BANF1 BTF3 BTG1 C1orf52 CCNDBP1 CD37 CD7 CFL1 CLIC3,TMSB4X B2M FTH1 HLA-A MASKED_GENE GNLY PTMA SH3BGRL3 GZMB HLA-B GPX1 NKG7 CCL5 CD63 UBC MASKED_GENE LIMD2 SKP1 YBX1 EMP3 GCHFR HLA-C HMGB1 HOPX OAZ1 PFDN5 PFN1 PPDPF PRR13 PSME1 PTAR1 UQCRFS1 AC147651.3 ACTB AKR1A1 ALOX5AP APRT ARF1 ARHGDIB ASCC2 ATP5E BANF1 BTF3 BTG1 C1orf52 CCNDBP1 CD37 CD7 CFL1 CLIC3
intervention,gse96583:ctrl:1039:AGTCACGAGCTTCC-1,AGTCACGAGCTTCC-1,1039,1039,ctrl,singlet,NK cells,0,held_out_triple_sentinel,1039:held_out_triple_sentinel,42a8551930ac094222968d512b70f61a713894a6ecd6cc94e0cb33ba8ba6fd71,1125,GNLY_NKG7_CCL5_sentinel_factorial,NKG7+CCL5,2,011,GNLY;NKG7;CCL5,4.49857433972;3.99513791214;3.81649057871,GAPDH;PTMA;H3F3B,4.49857433972;4.49857433972;3.59883317343,NKG7;CCL5,3.99513791214;3.81649057871,PTMA;H3F3B,4.49857433972;3.59883317343,5;3,0.503436427584;0.217657405277,0.174261392088;0.0665998998498,0;1,4.41615344272;2.43464714239,TMSB4X B2M FTH1 HLA-A GAPDH GNLY PTMA SH3BGRL3 GZMB HLA-B GPX1 NKG7 CCL5 CD63 UBC H3F3B LIMD2 SKP1 YBX1 EMP3 GCHFR HLA-C HMGB1 HOPX OAZ1 PFDN5 PFN1 PPDPF PRR13 PSME1 PTAR1 UQCRFS1 AC147651.3 ACTB AKR1A1 ALOX5AP APRT ARF1 ARHGDIB ASCC2 ATP5E BANF1 BTF3 BTG1 C1orf52 CCNDBP1 CD37 CD7 CFL1 CLIC3,TMSB4X B2M FTH1 HLA-A GAPDH GNLY PTMA SH3BGRL3 GZMB HLA-B GPX1 MASKED_GENE MASKED_GENE CD63 UBC H3F3B LIMD2 SKP1 YBX1 EMP3 GCHFR HLA-C HMGB1 HOPX OAZ1 PFDN5 PFN1 PPDPF PRR13 PSME1 PTAR1 UQCRFS1 AC147651.3 ACTB AKR1A1 ALOX5AP APRT ARF1 ARHGDIB ASCC2 ATP5E BANF1 BTF3 BTG1 C1orf52 CCNDBP1 CD37 CD7 CFL1 CLIC3,TMSB4X B2M FTH1 HLA-A GAPDH GNLY MASKED_GENE SH3BGRL3 GZMB HLA-B GPX1 NKG7 CCL5 CD63 UBC MASKED_GENE LIMD2 SKP1 YBX1 EMP3 GCHFR HLA-C HMGB1 HOPX OAZ1 PFDN5 PFN1 PPDPF PRR13 PSME1 PTAR1 UQCRFS1 AC147651.3 ACTB AKR1A1 ALOX5AP APRT ARF1 ARHGDIB ASCC2 ATP5E BANF1 BTF3 BTG1 C1orf52 CCNDBP1 CD37 CD7 CFL1 CLIC3
intervention,gse96583:ctrl:1039:AGTCACGAGCTTCC-1,AGTCACGAGCTTCC-1,1039,1039,ctrl,singlet,NK cells,0,held_out_triple_sentinel,1039:held_out_triple_sentinel,42a8551930ac094222968d512b70f61a713894a6ecd6cc94e0cb33ba8ba6fd71,1125,GNLY_NKG7_CCL5_sentinel_factorial,GNLY+NKG7+CCL5,3,111,GNLY;NKG7;CCL5,4.49857433972;3.99513791214;3.81649057871,GAPDH;PTMA;H3F3B,4.49857433972;4.49857433972;3.59883317343,GNLY;NKG7;CCL5,4.49857433972;3.99513791214;3.81649057871,GAPDH;PTMA;H3F3B,4.49857433972;4.49857433972;3.59883317343,1;5;3,0;0.503436427584;0.217657405277,0.121181772659;0.174261392088;0.0665998998498,1;0;1,1.87848439326;4.41615344272;2.43464714239,TMSB4X B2M FTH1 HLA-A GAPDH GNLY PTMA SH3BGRL3 GZMB HLA-B GPX1 NKG7 CCL5 CD63 UBC H3F3B LIMD2 SKP1 YBX1 EMP3 GCHFR HLA-C HMGB1 HOPX OAZ1 PFDN5 PFN1 PPDPF PRR13 PSME1 PTAR1 UQCRFS1 AC147651.3 ACTB AKR1A1 ALOX5AP APRT ARF1 ARHGDIB ASCC2 ATP5E BANF1 BTF3 BTG1 C1orf52 CCNDBP1 CD37 CD7 CFL1 CLIC3,TMSB4X B2M FTH1 HLA-A GAPDH MASKED_GENE PTMA SH3BGRL3 GZMB HLA-B GPX1 MASKED_GENE MASKED_GENE CD63 UBC H3F3B LIMD2 SKP1 YBX1 EMP3 GCHFR HLA-C HMGB1 HOPX OAZ1 PFDN5 PFN1 PPDPF PRR13 PSME1 PTAR1 UQCRFS1 AC147651.3 ACTB AKR1A1 ALOX5AP APRT ARF1 ARHGDIB ASCC2 ATP5E BANF1 BTF3 BTG1 C1orf52 CCNDBP1 CD37 CD7 CFL1 CLIC3,TMSB4X B2M FTH1 HLA-A MASKED_GENE GNLY MASKED_GENE SH3BGRL3 GZMB HLA-B GPX1 NKG7 CCL5 CD63 UBC MASKED_GENE LIMD2 SKP1 YBX1 EMP3 GCHFR HLA-C HMGB1 HOPX OAZ1 PFDN5 PFN1 PPDPF PRR13 PSME1 PTAR1 UQCRFS1 AC147651.3 ACTB AKR1A1 ALOX5AP APRT ARF1 ARHGDIB ASCC2 ATP5E BANF1 BTF3 BTG1 C1orf52 CCNDBP1 CD37 CD7 CFL1 CLIC3
base,gse96583:ctrl:1244:TTTCCAGAGCTGAT-1,TTTCCAGAGCTGAT-1,1244,1244,ctrl,singlet,NK cells,0,held_out_triple_sentinel,1244:held_out_triple_sentinel,03c35425fb49777287136957a72d953d3fda34ac51a088a92140afc25aba5c5f,869,none,none,0,000,GNLY;NKG7;CCL5,5.01460897658;4.24913616763;5.08824253422,H3F3B;PTMA;HLA-C,4.4012452561;4.24913616763;4.64983106263,,,,,,,,,,TMSB4X B2M CCL5 GNLY NABP2 HLA-A HLA-C H3F3B CCL4 NKG7 PTMA HLA-B CYBA FTL MYL6 APOBEC3G ARHGDIB CD58 CD7 CFL1 FYN HSPA8 PA2G4 TECR ARPC5 ATP5L ATP6V0E1 C1orf21 CCNI CD247 CD74 COX8A FAM49B FGFBP2 FTH1 GAPDH GLOD4 GNB2L1 GZMB GZMH HERC1 HLA-E HNRNPA3 JUN KLRB1 KLRC1 LMBR1 MED6 NFKBIA PABPC1,TMSB4X B2M CCL5 GNLY NABP2 HLA-A HLA-C H3F3B CCL4 NKG7 PTMA HLA-B CYBA FTL MYL6 APOBEC3G ARHGDIB CD58 CD7 CFL1 FYN HSPA8 PA2G4 TECR ARPC5 ATP5L ATP6V0E1 C1orf21 CCNI CD247 CD74 COX8A FAM49B FGFBP2 FTH1 GAPDH GLOD4 GNB2L1 GZMB GZMH HERC1 HLA-E HNRNPA3 JUN KLRB1 KLRC1 LMBR1 MED6 NFKBIA PABPC1,TMSB4X B2M CCL5 GNLY NABP2 HLA-A HLA-C H3F3B CCL4 NKG7 PTMA HLA-B CYBA FTL MYL6 APOBEC3G ARHGDIB CD58 CD7 CFL1 FYN HSPA8 PA2G4 TECR ARPC5 ATP5L ATP6V0E1 C1orf21 CCNI CD247 CD74 COX8A FAM49B FGFBP2 FTH1 GAPDH GLOD4 GNB2L1 GZMB GZMH HERC1 HLA-E HNRNPA3 JUN KLRB1 KLRC1 LMBR1 MED6 NFKBIA PABPC1
intervention,gse96583:ctrl:1244:TTTCCAGAGCTGAT-1,TTTCCAGAGCTGAT-1,1244,1244,ctrl,singlet,NK cells,0,held_out_triple_sentinel,1244:held_out_triple_sentinel,03c35425fb49777287136957a72d953d3fda34ac51a088a92140afc25aba5c5f,869,GNLY_NKG7_CCL5_sentinel_factorial,GNLY,1,100,GNLY;NKG7;CCL5,5.01460897658;4.24913616763;5.08824253422,H3F3B;PTMA;HLA-C,4.4012452561;4.24913616763;4.64983106263,GNLY,5.01460897658,H3F3B,4.4012452561,4,0.613363720488,0.182273410115,1,4.71612820879,TMSB4X B2M CCL5 GNLY NABP2 HLA-A HLA-C H3F3B CCL4 NKG7 PTMA HLA-B CYBA FTL MYL6 APOBEC3G ARHGDIB CD58 CD7 CFL1 FYN HSPA8 PA2G4 TECR ARPC5 ATP5L ATP6V0E1 C1orf21 CCNI CD247 CD74 COX8A FAM49B FGFBP2 FTH1 GAPDH GLOD4 GNB2L1 GZMB GZMH HERC1 HLA-E HNRNPA3 JUN KLRB1 KLRC1 LMBR1 MED6 NFKBIA PABPC1,TMSB4X B2M CCL5 MASKED_GENE NABP2 HLA-A HLA-C H3F3B CCL4 NKG7 PTMA HLA-B CYBA FTL MYL6 APOBEC3G ARHGDIB CD58 CD7 CFL1 FYN HSPA8 PA2G4 TECR ARPC5 ATP5L ATP6V0E1 C1orf21 CCNI CD247 CD74 COX8A FAM49B FGFBP2 FTH1 GAPDH GLOD4 GNB2L1 GZMB GZMH HERC1 HLA-E HNRNPA3 JUN KLRB1 KLRC1 LMBR1 MED6 NFKBIA PABPC1,TMSB4X B2M CCL5 GNLY NABP2 HLA-A HLA-C MASKED_GENE CCL4 NKG7 PTMA HLA-B CYBA FTL MYL6 APOBEC3G ARHGDIB CD58 CD7 CFL1 FYN HSPA8 PA2G4 TECR ARPC5 ATP5L ATP6V0E1 C1orf21 CCNI CD247 CD74 COX8A FAM49B FGFBP2 FTH1 GAPDH GLOD4 GNB2L1 GZMB GZMH HERC1 HLA-E HNRNPA3 JUN KLRB1 KLRC1 LMBR1 MED6 NFKBIA PABPC1
intervention,gse96583:ctrl:1244:TTTCCAGAGCTGAT-1,TTTCCAGAGCTGAT-1,1244,1244,ctrl,singlet,NK cells,0,held_out_triple_sentinel,1244:held_out_triple_sentinel,03c35425fb49777287136957a72d953d3fda34ac51a088a92140afc25aba5c5f,869,GNLY_NKG7_CCL5_sentinel_factorial,NKG7,1,010,GNLY;NKG7;CCL5,5.01460897658;4.24913616763;5.08824253422,H3F3B;PTMA;HLA-C,4.4012452561;4.24913616763;4.64983106263,NKG7,4.24913616763,PTMA,4.24913616763,1,0,0.174261392088,0,2.07594725421,TMSB4X B2M CCL5 GNLY NABP2 HLA-A HLA-C H3F3B CCL4 NKG7 PTMA HLA-B CYBA FTL MYL6 APOBEC3G ARHGDIB CD58 CD7 CFL1 FYN HSPA8 PA2G4 TECR ARPC5 ATP5L ATP6V0E1 C1orf21 CCNI CD247 CD74 COX8A FAM49B FGFBP2 FTH1 GAPDH GLOD4 GNB2L1 GZMB GZMH HERC1 HLA-E HNRNPA3 JUN KLRB1 KLRC1 LMBR1 MED6 NFKBIA PABPC1,TMSB4X B2M CCL5 GNLY NABP2 HLA-A HLA-C H3F3B CCL4 MASKED_GENE PTMA HLA-B CYBA FTL MYL6 APOBEC3G ARHGDIB CD58 CD7 CFL1 FYN HSPA8 PA2G4 TECR ARPC5 ATP5L ATP6V0E1 C1orf21 CCNI CD247 CD74 COX8A FAM49B FGFBP2 FTH1 GAPDH GLOD4 GNB2L1 GZMB GZMH HERC1 HLA-E HNRNPA3 JUN KLRB1 KLRC1 LMBR1 MED6 NFKBIA PABPC1,TMSB4X B2M CCL5 GNLY NABP2 HLA-A HLA-C H3F3B CCL4 NKG7 MASKED_GENE HLA-B CYBA FTL MYL6 APOBEC3G ARHGDIB CD58 CD7 CFL1 FYN HSPA8 PA2G4 TECR ARPC5 ATP5L ATP6V0E1 C1orf21 CCNI CD247 CD74 COX8A FAM49B FGFBP2 FTH1 GAPDH GLOD4 GNB2L1 GZMB GZMH HERC1 HLA-E HNRNPA3 JUN KLRB1 KLRC1 LMBR1 MED6 NFKBIA PABPC1
intervention,gse96583:ctrl:1244:TTTCCAGAGCTGAT-1,TTTCCAGAGCTGAT-1,1244,1244,ctrl,singlet,NK cells,0,held_out_triple_sentinel,1244:held_out_triple_sentinel,03c35425fb49777287136957a72d953d3fda34ac51a088a92140afc25aba5c5f,869,GNLY_NKG7_CCL5_sentinel_factorial,CCL5,1,001,GNLY;NKG7;CCL5,5.01460897658;4.24913616763;5.08824253422,H3F3B;PTMA;HLA-C,4.4012452561;4.24913616763;4.64983106263,CCL5,5.08824253422,HLA-C,4.64983106263,4,0.438411471589,0.192789183776,1,4.4713814476,TMSB4X B2M CCL5 GNLY NABP2 HLA-A HLA-C H3F3B CCL4 NKG7 PTMA HLA-B CYBA FTL MYL6 APOBEC3G ARHGDIB CD58 CD7 CFL1 FYN HSPA8 PA2G4 TECR ARPC5 ATP5L ATP6V0E1 C1orf21 CCNI CD247 CD74 COX8A FAM49B FGFBP2 FTH1 GAPDH GLOD4 GNB2L1 GZMB GZMH HERC1 HLA-E HNRNPA3 JUN KLRB1 KLRC1 LMBR1 MED6 NFKBIA PABPC1,TMSB4X B2M MASKED_GENE GNLY NABP2 HLA-A HLA-C H3F3B CCL4 NKG7 PTMA HLA-B CYBA FTL MYL6 APOBEC3G ARHGDIB CD58 CD7 CFL1 FYN HSPA8 PA2G4 TECR ARPC5 ATP5L ATP6V0E1 C1orf21 CCNI CD247 CD74 COX8A FAM49B FGFBP2 FTH1 GAPDH GLOD4 GNB2L1 GZMB GZMH HERC1 HLA-E HNRNPA3 JUN KLRB1 KLRC1 LMBR1 MED6 NFKBIA PABPC1,TMSB4X B2M CCL5 GNLY NABP2 HLA-A MASKED_GENE H3F3B CCL4 NKG7 PTMA HLA-B CYBA FTL MYL6 APOBEC3G ARHGDIB CD58 CD7 CFL1 FYN HSPA8 PA2G4 TECR ARPC5 ATP5L ATP6V0E1 C1orf21 CCNI CD247 CD74 COX8A FAM49B FGFBP2 FTH1 GAPDH GLOD4 GNB2L1 GZMB GZMH HERC1 HLA-E HNRNPA3 JUN KLRB1 KLRC1 LMBR1 MED6 NFKBIA PABPC1
intervention,gse96583:ctrl:1244:TTTCCAGAGCTGAT-1,TTTCCAGAGCTGAT-1,1244,1244,ctrl,singlet,NK cells,0,held_out_triple_sentinel,1244:held_out_triple_sentinel,03c35425fb49777287136957a72d953d3fda34ac51a088a92140afc25aba5c5f,869,GNLY_NKG7_CCL5_sentinel_factorial,GNLY+NKG7,2,110,GNLY;NKG7;CCL5,5.01460897658;4.24913616763;5.08824253422,H3F3B;PTMA;HLA-C,4.4012452561;4.24913616763;4.64983106263,GNLY;NKG7,5.01460897658;4.24913616763,H3F3B;PTMA,4.4012452561;4.24913616763,4;1,0.613363720488;0,0.182273410115;0.174261392088,1;0,4.71612820879;2.07594725421,TMSB4X B2M CCL5 GNLY NABP2 HLA-A HLA-C H3F3B CCL4 NKG7 PTMA HLA-B CYBA FTL MYL6 APOBEC3G ARHGDIB CD58 CD7 CFL1 FYN HSPA8 PA2G4 TECR ARPC5 ATP5L ATP6V0E1 C1orf21 CCNI CD247 CD74 COX8A FAM49B FGFBP2 FTH1 GAPDH GLOD4 GNB2L1 GZMB GZMH HERC1 HLA-E HNRNPA3 JUN KLRB1 KLRC1 LMBR1 MED6 NFKBIA PABPC1,TMSB4X B2M CCL5 MASKED_GENE NABP2 HLA-A HLA-C H3F3B CCL4 MASKED_GENE PTMA HLA-B CYBA FTL MYL6 APOBEC3G ARHGDIB CD58 CD7 CFL1 FYN HSPA8 PA2G4 TECR ARPC5 ATP5L ATP6V0E1 C1orf21 CCNI CD247 CD74 COX8A FAM49B FGFBP2 FTH1 GAPDH GLOD4 GNB2L1 GZMB GZMH HERC1 HLA-E HNRNPA3 JUN KLRB1 KLRC1 LMBR1 MED6 NFKBIA PABPC1,TMSB4X B2M CCL5 GNLY NABP2 HLA-A HLA-C MASKED_GENE CCL4 NKG7 MASKED_GENE HLA-B CYBA FTL MYL6 APOBEC3G ARHGDIB CD58 CD7 CFL1 FYN HSPA8 PA2G4 TECR ARPC5 ATP5L ATP6V0E1 C1orf21 CCNI CD247 CD74 COX8A FAM49B FGFBP2 FTH1 GAPDH GLOD4 GNB2L1 GZMB GZMH HERC1 HLA-E HNRNPA3 JUN KLRB1 KLRC1 LMBR1 MED6 NFKBIA PABPC1
intervention,gse96583:ctrl:1244:TTTCCAGAGCTGAT-1,TTTCCAGAGCTGAT-1,1244,1244,ctrl,singlet,NK cells,0,held_out_triple_sentinel,1244:held_out_triple_sentinel,03c35425fb49777287136957a72d953d3fda34ac51a088a92140afc25aba5c5f,869,GNLY_NKG7_CCL5_sentinel_factorial,GNLY+CCL5,2,101,GNLY;NKG7;CCL5,5.01460897658;4.24913616763;5.08824253422,H3F3B;PTMA;HLA-C,4.4012452561;4.24913616763;4.64983106263,GNLY;CCL5,5.01460897658;5.08824253422,H3F3B;HLA-C,4.4012452561;4.64983106263,4;4,0.613363720488;0.438411471589,0.182273410115;0.192789183776,1;1,4.71612820879;4.4713814476,TMSB4X B2M CCL5 GNLY NABP2 HLA-A HLA-C H3F3B CCL4 NKG7 PTMA HLA-B CYBA FTL MYL6 APOBEC3G ARHGDIB CD58 CD7 CFL1 FYN HSPA8 PA2G4 TECR ARPC5 ATP5L ATP6V0E1 C1orf21 CCNI CD247 CD74 COX8A FAM49B FGFBP2 FTH1 GAPDH GLOD4 GNB2L1 GZMB GZMH HERC1 HLA-E HNRNPA3 JUN KLRB1 KLRC1 LMBR1 MED6 NFKBIA PABPC1,TMSB4X B2M MASKED_GENE MASKED_GENE NABP2 HLA-A HLA-C H3F3B CCL4 NKG7 PTMA HLA-B CYBA FTL MYL6 APOBEC3G ARHGDIB CD58 CD7 CFL1 FYN HSPA8 PA2G4 TECR ARPC5 ATP5L ATP6V0E1 C1orf21 CCNI CD247 CD74 COX8A FAM49B FGFBP2 FTH1 GAPDH GLOD4 GNB2L1 GZMB GZMH HERC1 HLA-E HNRNPA3 JUN KLRB1 KLRC1 LMBR1 MED6 NFKBIA PABPC1,TMSB4X B2M CCL5 GNLY NABP2 HLA-A MASKED_GENE MASKED_GENE CCL4 NKG7 PTMA HLA-B CYBA FTL MYL6 APOBEC3G ARHGDIB CD58 CD7 CFL1 FYN HSPA8 PA2G4 TECR ARPC5 ATP5L ATP6V0E1 C1orf21 CCNI CD247 CD74 COX8A FAM49B FGFBP2 FTH1 GAPDH GLOD4 GNB2L1 GZMB GZMH HERC1 HLA-E HNRNPA3 JUN KLRB1 KLRC1 LMBR1 MED6 NFKBIA PABPC1
intervention,gse96583:ctrl:1244:TTTCCAGAGCTGAT-1,TTTCCAGAGCTGAT-1,1244,1244,ctrl,singlet,NK cells,0,held_out_triple_sentinel,1244:held_out_triple_sentinel,03c35425fb49777287136957a72d953d3fda34ac51a088a92140afc25aba5c5f,869,GNLY_NKG7_CCL5_sentinel_factorial,NKG7+CCL5,2,011,GNLY;NKG7;CCL5,5.01460897658;4.24913616763;5.08824253422,H3F3B;PTMA;HLA-C,4.4012452561;4.24913616763;4.64983106263,NKG7;CCL5,4.24913616763;5.08824253422,PTMA;HLA-C,4.24913616763;4.64983106263,1;4,0;0.438411471589,0.174261392088;0.192789183776,0;1,2.07594725421;4.4713814476,TMSB4X B2M CCL5 GNLY NABP2 HLA-A HLA-C H3F3B CCL4 NKG7 PTMA HLA-B CYBA FTL MYL6 APOBEC3G ARHGDIB CD58 CD7 CFL1 FYN HSPA8 PA2G4 TECR ARPC5 ATP5L ATP6V0E1 C1orf21 CCNI CD247 CD74 COX8A FAM49B FGFBP2 FTH1 GAPDH GLOD4 GNB2L1 GZMB GZMH HERC1 HLA-E HNRNPA3 JUN KLRB1 KLRC1 LMBR1 MED6 NFKBIA PABPC1,TMSB4X B2M MASKED_GENE GNLY NABP2 HLA-A HLA-C H3F3B CCL4 MASKED_GENE PTMA HLA-B CYBA FTL MYL6 APOBEC3G ARHGDIB CD58 CD7 CFL1 FYN HSPA8 PA2G4 TECR ARPC5 ATP5L ATP6V0E1 C1orf21 CCNI CD247 CD74 COX8A FAM49B FGFBP2 FTH1 GAPDH GLOD4 GNB2L1 GZMB GZMH HERC1 HLA-E HNRNPA3 JUN KLRB1 KLRC1 LMBR1 MED6 NFKBIA PABPC1,TMSB4X B2M CCL5 GNLY NABP2 HLA-A MASKED_GENE H3F3B CCL4 NKG7 MASKED_GENE HLA-B CYBA FTL MYL6 APOBEC3G ARHGDIB CD58 CD7 CFL1 FYN HSPA8 PA2G4 TECR ARPC5 ATP5L ATP6V0E1 C1orf21 CCNI CD247 CD74 COX8A FAM49B FGFBP2 FTH1 GAPDH GLOD4 GNB2L1 GZMB GZMH HERC1 HLA-E HNRNPA3 JUN KLRB1 KLRC1 LMBR1 MED6 NFKBIA PABPC1
intervention,gse96583:ctrl:1244:TTTCCAGAGCTGAT-1,TTTCCAGAGCTGAT-1,1244,1244,ctrl,singlet,NK cells,0,held_out_triple_sentinel,1244:held_out_triple_sentinel,03c35425fb49777287136957a72d953d3fda34ac51a088a92140afc25aba5c5f,869,GNLY_NKG7_CCL5_sentinel_factorial,GNLY+NKG7+CCL5,3,111,GNLY;NKG7;CCL5,5.01460897658;4.24913616763;5.08824253422,H3F3B;PTMA;HLA-C,4.4012452561;4.24913616763;4.64983106263,GNLY;NKG7;CCL5,5.01460897658;4.24913616763;5.08824253422,H3F3B;PTMA;HLA-C,4.4012452561;4.24913616763;4.64983106263,4;1;4,0.613363720488;0;0.438411471589,0.182273410115;0.174261392088;0.192789183776,1;0;1,4.71612820879;2.07594725421;4.4713814476,TMSB4X B2M CCL5 GNLY NABP2 HLA-A HLA-C H3F3B CCL4 NKG7 PTMA HLA-B CYBA FTL MYL6 APOBEC3G ARHGDIB CD58 CD7 CFL1 FYN HSPA8 PA2G4 TECR ARPC5 ATP5L ATP6V0E1 C1orf21 CCNI CD247 CD74 COX8A FAM49B FGFBP2 FTH1 GAPDH GLOD4 GNB2L1 GZMB GZMH HERC1 HLA-E HNRNPA3 JUN KLRB1 KLRC1 LMBR1 MED6 NFKBIA PABPC1,TMSB4X B2M MASKED_GENE MASKED_GENE NABP2 HLA-A HLA-C H3F3B CCL4 MASKED_GENE PTMA HLA-B CYBA FTL MYL6 APOBEC3G ARHGDIB CD58 CD7 CFL1 FYN HSPA8 PA2G4 TECR ARPC5 ATP5L ATP6V0E1 C1orf21 CCNI CD247 CD74 COX8A FAM49B FGFBP2 FTH1 GAPDH GLOD4 GNB2L1 GZMB GZMH HERC1 HLA-E HNRNPA3 JUN KLRB1 KLRC1 LMBR1 MED6 NFKBIA PABPC1,TMSB4X B2M CCL5 GNLY NABP2 HLA-A MASKED_GENE MASKED_GENE CCL4 NKG7 MASKED_GENE HLA-B CYBA FTL MYL6 APOBEC3G ARHGDIB CD58 CD7 CFL1 FYN HSPA8 PA2G4 TECR ARPC5 ATP5L ATP6V0E1 C1orf21 CCNI CD247 CD74 COX8A FAM49B FGFBP2 FTH1 GAPDH GLOD4 GNB2L1 GZMB GZMH HERC1 HLA-E HNRNPA3 JUN KLRB1 KLRC1 LMBR1 MED6 NFKBIA PABPC1
base,gse96583:ctrl:1256:AGAGATGAGTATGC-1,AGAGATGAGTATGC-1,1256,1256,ctrl,singlet,NK cells,0,held_out_triple_sentinel,1256:held_out_triple_sentinel,01b8d5af520e570028e7c6a7e76a3f3c4db99251c98487a900fe9e562b2584bd,1113,none,none,0,000,GNLY;NKG7;CCL5,5.03526508468;4.6896649218;4.00566553721,HLA-B;H3F3B;PTMA,5.37820663098;4.15721108887;4.15721108887,,,,,,,,,,B2M TMSB4X HLA-B GNLY SRSF2 NKG7 HLA-A H3F3B PTMA CCL5 PFN1 CD7 APOBEC3G FAU FTL GNAI3 HLA-C HLA-E ACTB ARHGDIB C11orf31 COL4A3BP CXCR4 DRAP1 EIF4A2 FBXO32 FTH1 GNB2L1 LCP1 LDHA PDCD4 RAE1 SRSF7 TUBB UBB UBC UBXN1 ACP5 ACTG1 ARID5A C19orf53 CCDC115 CCL4 CD53 CD82 COQ5 COX4I1 COX7C CTSC CYLD,B2M TMSB4X HLA-B GNLY SRSF2 NKG7 HLA-A H3F3B PTMA CCL5 PFN1 CD7 APOBEC3G FAU FTL GNAI3 HLA-C HLA-E ACTB ARHGDIB C11orf31 COL4A3BP CXCR4 DRAP1 EIF4A2 FBXO32 FTH1 GNB2L1 LCP1 LDHA PDCD4 RAE1 SRSF7 TUBB UBB UBC UBXN1 ACP5 ACTG1 ARID5A C19orf53 CCDC115 CCL4 CD53 CD82 COQ5 COX4I1 COX7C CTSC CYLD,B2M TMSB4X HLA-B GNLY SRSF2 NKG7 HLA-A H3F3B PTMA CCL5 PFN1 CD7 APOBEC3G FAU FTL GNAI3 HLA-C HLA-E ACTB ARHGDIB C11orf31 COL4A3BP CXCR4 DRAP1 EIF4A2 FBXO32 FTH1 GNB2L1 LCP1 LDHA PDCD4 RAE1 SRSF7 TUBB UBB UBC UBXN1 ACP5 ACTG1 ARID5A C19orf53 CCDC115 CCL4 CD53 CD82 COQ5 COX4I1 COX7C CTSC CYLD
intervention,gse96583:ctrl:1256:AGAGATGAGTATGC-1,AGAGATGAGTATGC-1,1256,1256,ctrl,singlet,NK cells,0,held_out_triple_sentinel,1256:held_out_triple_sentinel,01b8d5af520e570028e7c6a7e76a3f3c4db99251c98487a900fe9e562b2584bd,1113,GNLY_NKG7_CCL5_sentinel_factorial,GNLY,1,100,GNLY;NKG7;CCL5,5.03526508468;4.6896649218;4.00566553721,HLA-B;H3F3B;PTMA,5.37820663098;4.15721108887;4.15721108887,GNLY,5.03526508468,HLA-B,5.37820663098,1,0.342941546297,0.388582874311,1,5.23837850238,B2M TMSB4X HLA-B GNLY SRSF2 NKG7 HLA-A H3F3B PTMA CCL5 PFN1 CD7 APOBEC3G FAU FTL GNAI3 HLA-C HLA-E ACTB ARHGDIB C11orf31 COL4A3BP CXCR4 DRAP1 EIF4A2 FBXO32 FTH1 GNB2L1 LCP1 LDHA PDCD4 RAE1 SRSF7 TUBB UBB UBC UBXN1 ACP5 ACTG1 ARID5A C19orf53 CCDC115 CCL4 CD53 CD82 COQ5 COX4I1 COX7C CTSC CYLD,B2M TMSB4X HLA-B MASKED_GENE SRSF2 NKG7 HLA-A H3F3B PTMA CCL5 PFN1 CD7 APOBEC3G FAU FTL GNAI3 HLA-C HLA-E ACTB ARHGDIB C11orf31 COL4A3BP CXCR4 DRAP1 EIF4A2 FBXO32 FTH1 GNB2L1 LCP1 LDHA PDCD4 RAE1 SRSF7 TUBB UBB UBC UBXN1 ACP5 ACTG1 ARID5A C19orf53 CCDC115 CCL4 CD53 CD82 COQ5 COX4I1 COX7C CTSC CYLD,B2M TMSB4X MASKED_GENE GNLY SRSF2 NKG7 HLA-A H3F3B PTMA CCL5 PFN1 CD7 APOBEC3G FAU FTL GNAI3 HLA-C HLA-E ACTB ARHGDIB C11orf31 COL4A3BP CXCR4 DRAP1 EIF4A2 FBXO32 FTH1 GNB2L1 LCP1 LDHA PDCD4 RAE1 SRSF7 TUBB UBB UBC UBXN1 ACP5 ACTG1 ARID5A C19orf53 CCDC115 CCL4 CD53 CD82 COQ5 COX4I1 COX7C CTSC CYLD
intervention,gse96583:ctrl:1256:AGAGATGAGTATGC-1,AGAGATGAGTATGC-1,1256,1256,ctrl,singlet,NK cells,0,held_out_triple_sentinel,1256:held_out_triple_sentinel,01b8d5af520e570028e7c6a7e76a3f3c4db99251c98487a900fe9e562b2584bd,1113,GNLY_NKG7_CCL5_sentinel_factorial,NKG7,1,010,GNLY;NKG7;CCL5,5.03526508468;4.6896649218;4.00566553721,HLA-B;H3F3B;PTMA,5.37820663098;4.15721108887;4.15721108887,NKG7,4.6896649218,H3F3B,4.15721108887,2,0.532453832931,0.135202804206,1,3.41693570792,B2M TMSB4X HLA-B GNLY SRSF2 NKG7 HLA-A H3F3B PTMA CCL5 PFN1 CD7 APOBEC3G FAU FTL GNAI3 HLA-C HLA-E ACTB ARHGDIB C11orf31 COL4A3BP CXCR4 DRAP1 EIF4A2 FBXO32 FTH1 GNB2L1 LCP1 LDHA PDCD4 RAE1 SRSF7 TUBB UBB UBC UBXN1 ACP5 ACTG1 ARID5A C19orf53 CCDC115 CCL4 CD53 CD82 COQ5 COX4I1 COX7C CTSC CYLD,B2M TMSB4X HLA-B GNLY SRSF2 MASKED_GENE HLA-A H3F3B PTMA CCL5 PFN1 CD7 APOBEC3G FAU FTL GNAI3 HLA-C HLA-E ACTB ARHGDIB C11orf31 COL4A3BP CXCR4 DRAP1 EIF4A2 FBXO32 FTH1 GNB2L1 LCP1 LDHA PDCD4 RAE1 SRSF7 TUBB UBB UBC UBXN1 ACP5 ACTG1 ARID5A C19orf53 CCDC115 CCL4 CD53 CD82 COQ5 COX4I1 COX7C CTSC CYLD,B2M TMSB4X HLA-B GNLY SRSF2 NKG7 HLA-A MASKED_GENE PTMA CCL5 PFN1 CD7 APOBEC3G FAU FTL GNAI3 HLA-C HLA-E ACTB ARHGDIB C11orf31 COL4A3BP CXCR4 DRAP1 EIF4A2 FBXO32 FTH1 GNB2L1 LCP1 LDHA PDCD4 RAE1 SRSF7 TUBB UBB UBC UBXN1 ACP5 ACTG1 ARID5A C19orf53 CCDC115 CCL4 CD53 CD82 COQ5 COX4I1 COX7C CTSC CYLD
intervention,gse96583:ctrl:1256:AGAGATGAGTATGC-1,AGAGATGAGTATGC-1,1256,1256,ctrl,singlet,NK cells,0,held_out_triple_sentinel,1256:held_out_triple_sentinel,01b8d5af520e570028e7c6a7e76a3f3c4db99251c98487a900fe9e562b2584bd,1113,GNLY_NKG7_CCL5_sentinel_factorial,CCL5,1,001,GNLY;NKG7;CCL5,5.03526508468;4.6896649218;4.00566553721,HLA-B;H3F3B;PTMA,5.37820663098;4.15721108887;4.15721108887,CCL5,4.00566553721,PTMA,4.15721108887,1,0.151545551661,0.105658487732,0,1.69300931397,B2M TMSB4X HLA-B GNLY SRSF2 NKG7 HLA-A H3F3B PTMA CCL5 PFN1 CD7 APOBEC3G FAU FTL GNAI3 HLA-C HLA-E ACTB ARHGDIB C11orf31 COL4A3BP CXCR4 DRAP1 EIF4A2 FBXO32 FTH1 GNB2L1 LCP1 LDHA PDCD4 RAE1 SRSF7 TUBB UBB UBC UBXN1 ACP5 ACTG1 ARID5A C19orf53 CCDC115 CCL4 CD53 CD82 COQ5 COX4I1 COX7C CTSC CYLD,B2M TMSB4X HLA-B GNLY SRSF2 NKG7 HLA-A H3F3B PTMA MASKED_GENE PFN1 CD7 APOBEC3G FAU FTL GNAI3 HLA-C HLA-E ACTB ARHGDIB C11orf31 COL4A3BP CXCR4 DRAP1 EIF4A2 FBXO32 FTH1 GNB2L1 LCP1 LDHA PDCD4 RAE1 SRSF7 TUBB UBB UBC UBXN1 ACP5 ACTG1 ARID5A C19orf53 CCDC115 CCL4 CD53 CD82 COQ5 COX4I1 COX7C CTSC CYLD,B2M TMSB4X HLA-B GNLY SRSF2 NKG7 HLA-A H3F3B MASKED_GENE CCL5 PFN1 CD7 APOBEC3G FAU FTL GNAI3 HLA-C HLA-E ACTB ARHGDIB C11orf31 COL4A3BP CXCR4 DRAP1 EIF4A2 FBXO32 FTH1 GNB2L1 LCP1 LDHA PDCD4 RAE1 SRSF7 TUBB UBB UBC UBXN1 ACP5 ACTG1 ARID5A C19orf53 CCDC115 CCL4 CD53 CD82 COQ5 COX4I1 COX7C CTSC CYLD
intervention,gse96583:ctrl:1256:AGAGATGAGTATGC-1,AGAGATGAGTATGC-1,1256,1256,ctrl,singlet,NK cells,0,held_out_triple_sentinel,1256:held_out_triple_sentinel,01b8d5af520e570028e7c6a7e76a3f3c4db99251c98487a900fe9e562b2584bd,1113,GNLY_NKG7_CCL5_sentinel_factorial,GNLY+NKG7,2,110,GNLY;NKG7;CCL5,5.03526508468;4.6896649218;4.00566553721,HLA-B;H3F3B;PTMA,5.37820663098;4.15721108887;4.15721108887,GNLY;NKG7,5.03526508468;4.6896649218,HLA-B;H3F3B,5.37820663098;4.15721108887,1;2,0.342941546297;0.532453832931,0.388582874311;0.135202804206,1;1,5.23837850238;3.41693570792,B2M TMSB4X HLA-B GNLY SRSF2 NKG7 HLA-A H3F3B PTMA CCL5 PFN1 CD7 APOBEC3G FAU FTL GNAI3 HLA-C HLA-E ACTB ARHGDIB C11orf31 COL4A3BP CXCR4 DRAP1 EIF4A2 FBXO32 FTH1 GNB2L1 LCP1 LDHA PDCD4 RAE1 SRSF7 TUBB UBB UBC UBXN1 ACP5 ACTG1 ARID5A C19orf53 CCDC115 CCL4 CD53 CD82 COQ5 COX4I1 COX7C CTSC CYLD,B2M TMSB4X HLA-B MASKED_GENE SRSF2 MASKED_GENE HLA-A H3F3B PTMA CCL5 PFN1 CD7 APOBEC3G FAU FTL GNAI3 HLA-C HLA-E ACTB ARHGDIB C11orf31 COL4A3BP CXCR4 DRAP1 EIF4A2 FBXO32 FTH1 GNB2L1 LCP1 LDHA PDCD4 RAE1 SRSF7 TUBB UBB UBC UBXN1 ACP5 ACTG1 ARID5A C19orf53 CCDC115 CCL4 CD53 CD82 COQ5 COX4I1 COX7C CTSC CYLD,B2M TMSB4X MASKED_GENE GNLY SRSF2 NKG7 HLA-A MASKED_GENE PTMA CCL5 PFN1 CD7 APOBEC3G FAU FTL GNAI3 HLA-C HLA-E ACTB ARHGDIB C11orf31 COL4A3BP CXCR4 DRAP1 EIF4A2 FBXO32 FTH1 GNB2L1 LCP1 LDHA PDCD4 RAE1 SRSF7 TUBB UBB UBC UBXN1 ACP5 ACTG1 ARID5A C19orf53 CCDC115 CCL4 CD53 CD82 COQ5 COX4I1 COX7C CTSC CYLD
intervention,gse96583:ctrl:1256:AGAGATGAGTATGC-1,AGAGATGAGTATGC-1,1256,1256,ctrl,singlet,NK cells,0,held_out_triple_sentinel,1256:held_out_triple_sentinel,01b8d5af520e570028e7c6a7e76a3f3c4db99251c98487a900fe9e562b2584bd,1113,GNLY_NKG7_CCL5_sentinel_factorial,GNLY+CCL5,2,101,GNLY;NKG7;CCL5,5.03526508468;4.6896649218;4.00566553721,HLA-B;H3F3B;PTMA,5.37820663098;4.15721108887;4.15721108887,GNLY;CCL5,5.03526508468;4.00566553721,HLA-B;PTMA,5.37820663098;4.15721108887,1;1,0.342941546297;0.151545551661,0.388582874311;0.105658487732,1;0,5.23837850238;1.69300931397,B2M TMSB4X HLA-B GNLY SRSF2 NKG7 HLA-A H3F3B PTMA CCL5 PFN1 CD7 APOBEC3G FAU FTL GNAI3 HLA-C HLA-E ACTB ARHGDIB C11orf31 COL4A3BP CXCR4 DRAP1 EIF4A2 FBXO32 FTH1 GNB2L1 LCP1 LDHA PDCD4 RAE1 SRSF7 TUBB UBB UBC UBXN1 ACP5 ACTG1 ARID5A C19orf53 CCDC115 CCL4 CD53 CD82 COQ5 COX4I1 COX7C CTSC CYLD,B2M TMSB4X HLA-B MASKED_GENE SRSF2 NKG7 HLA-A H3F3B PTMA MASKED_GENE PFN1 CD7 APOBEC3G FAU FTL GNAI3 HLA-C HLA-E ACTB ARHGDIB C11orf31 COL4A3BP CXCR4 DRAP1 EIF4A2 FBXO32 FTH1 GNB2L1 LCP1 LDHA PDCD4 RAE1 SRSF7 TUBB UBB UBC UBXN1 ACP5 ACTG1 ARID5A C19orf53 CCDC115 CCL4 CD53 CD82 COQ5 COX4I1 COX7C CTSC CYLD,B2M TMSB4X MASKED_GENE GNLY SRSF2 NKG7 HLA-A H3F3B MASKED_GENE CCL5 PFN1 CD7 APOBEC3G FAU FTL GNAI3 HLA-C HLA-E ACTB ARHGDIB C11orf31 COL4A3BP CXCR4 DRAP1 EIF4A2 FBXO32 FTH1 GNB2L1 LCP1 LDHA PDCD4 RAE1 SRSF7 TUBB UBB UBC UBXN1 ACP5 ACTG1 ARID5A C19orf53 CCDC115 CCL4 CD53 CD82 COQ5 COX4I1 COX7C CTSC CYLD
intervention,gse96583:ctrl:1256:AGAGATGAGTATGC-1,AGAGATGAGTATGC-1,1256,1256,ctrl,singlet,NK cells,0,held_out_triple_sentinel,1256:held_out_triple_sentinel,01b8d5af520e570028e7c6a7e76a3f3c4db99251c98487a900fe9e562b2584bd,1113,GNLY_NKG7_CCL5_sentinel_factorial,NKG7+CCL5,2,011,GNLY;NKG7;CCL5,5.03526508468;4.6896649218;4.00566553721,HLA-B;H3F3B;PTMA,5.37820663098;4.15721108887;4.15721108887,NKG7;CCL5,4.6896649218;4.00566553721,H3F3B;PTMA,4.15721108887;4.15721108887,2;1,0.532453832931;0.151545551661,0.135202804206;0.105658487732,1;0,3.41693570792;1.69300931397,B2M TMSB4X HLA-B GNLY SRSF2 NKG7 HLA-A H3F3B PTMA CCL5 PFN1 CD7 APOBEC3G FAU FTL GNAI3 HLA-C HLA-E ACTB ARHGDIB C11orf31 COL4A3BP CXCR4 DRAP1 EIF4A2 FBXO32 FTH1 GNB2L1 LCP1 LDHA PDCD4 RAE1 SRSF7 TUBB UBB UBC UBXN1 ACP5 ACTG1 ARID5A C19orf53 CCDC115 CCL4 CD53 CD82 COQ5 COX4I1 COX7C CTSC CYLD,B2M TMSB4X HLA-B GNLY SRSF2 MASKED_GENE HLA-A H3F3B PTMA MASKED_GENE PFN1 CD7 APOBEC3G FAU FTL GNAI3 HLA-C HLA-E ACTB ARHGDIB C11orf31 COL4A3BP CXCR4 DRAP1 EIF4A2 FBXO32 FTH1 GNB2L1 LCP1 LDHA PDCD4 RAE1 SRSF7 TUBB UBB UBC UBXN1 ACP5 ACTG1 ARID5A C19orf53 CCDC115 CCL4 CD53 CD82 COQ5 COX4I1 COX7C CTSC CYLD,B2M TMSB4X HLA-B GNLY SRSF2 NKG7 HLA-A MASKED_GENE MASKED_GENE CCL5 PFN1 CD7 APOBEC3G FAU FTL GNAI3 HLA-C HLA-E ACTB ARHGDIB C11orf31 COL4A3BP CXCR4 DRAP1 EIF4A2 FBXO32 FTH1 GNB2L1 LCP1 LDHA PDCD4 RAE1 SRSF7 TUBB UBB UBC UBXN1 ACP5 ACTG1 ARID5A C19orf53 CCDC115 CCL4 CD53 CD82 COQ5 COX4I1 COX7C CTSC CYLD
intervention,gse96583:ctrl:1256:AGAGATGAGTATGC-1,AGAGATGAGTATGC-1,1256,1256,ctrl,singlet,NK cells,0,held_out_triple_sentinel,1256:held_out_triple_sentinel,01b8d5af520e570028e7c6a7e76a3f3c4db99251c98487a900fe9e562b2584bd,1113,GNLY_NKG7_CCL5_sentinel_factorial,GNLY+NKG7+CCL5,3,111,GNLY;NKG7;CCL5,5.03526508468;4.6896649218;4.00566553721,HLA-B;H3F3B;PTMA,5.37820663098;4.15721108887;4.15721108887,GNLY;NKG7;CCL5,5.03526508468;4.6896649218;4.00566553721,HLA-B;H3F3B;PTMA,5.37820663098;4.15721108887;4.15721108887,1;2;1,0.342941546297;0.532453832931;0.151545551661,0.388582874311;0.135202804206;0.105658487732,1;1;0,5.23837850238;3.41693570792;1.69300931397,B2M TMSB4X HLA-B GNLY SRSF2 NKG7 HLA-A H3F3B PTMA CCL5 PFN1 CD7 APOBEC3G FAU FTL GNAI3 HLA-C HLA-E ACTB ARHGDIB C11orf31 COL4A3BP CXCR4 DRAP1 EIF4A2 FBXO32 FTH1 GNB2L1 LCP1 LDHA PDCD4 RAE1 SRSF7 TUBB UBB UBC UBXN1 ACP5 ACTG1 ARID5A C19orf53 CCDC115 CCL4 CD53 CD82 COQ5 COX4I1 COX7C CTSC CYLD,B2M TMSB4X HLA-B MASKED_GENE SRSF2 MASKED_GENE HLA-A H3F3B PTMA MASKED_GENE PFN1 CD7 APOBEC3G FAU FTL GNAI3 HLA-C HLA-E ACTB ARHGDIB C11orf31 COL4A3BP CXCR4 DRAP1 EIF4A2 FBXO32 FTH1 GNB2L1 LCP1 LDHA PDCD4 RAE1 SRSF7 TUBB UBB UBC UBXN1 ACP5 ACTG1 ARID5A C19orf53 CCDC115 CCL4 CD53 CD82 COQ5 COX4I1 COX7C CTSC CYLD,B2M TMSB4X MASKED_GENE GNLY SRSF2 NKG7 HLA-A MASKED_GENE MASKED_GENE CCL5 PFN1 CD7 APOBEC3G FAU FTL GNAI3 HLA-C HLA-E ACTB ARHGDIB C11orf31 COL4A3BP CXCR4 DRAP1 EIF4A2 FBXO32 FTH1 GNB2L1 LCP1 LDHA PDCD4 RAE1 SRSF7 TUBB UBB UBC UBXN1 ACP5 ACTG1 ARID5A C19orf53 CCDC115 CCL4 CD53 CD82 COQ5 COX4I1 COX7C CTSC CYLD
base,gse96583:ctrl:1488:AGTCTACTTGCTAG-1,AGTCTACTTGCTAG-1,1488,1488,ctrl,singlet,NK cells,0,held_out_triple_sentinel,1488:held_out_triple_sentinel,0075f3f06fc82226ba0bd22a4fe1b946a02874d42c6bbce2d994755986f07e6d,724,none,none,0,000,GNLY;NKG7;CCL5,5.196052117;4.02978148584;3.74800799473,HLA-B;HLA-A;PTMA,4.9353479896;4.42930289367;4.42930289367,,,,,,,,,,B2M TMSB4X FTH1 GNLY HLA-B HLA-A PTMA FGFBP2 GZMB NKG7 CCL5 CD7 CYBA FXYD5 LAT2 PTPRC SLC25A5 SRGN TMSB10 UBC ACTB CCNH CMC2 COX5B CST7 EEF1D H3F3B HINT1 HLA-C HLA-E HMGB1 HNRNPA1 HSP90B1 LIMD2 LMAN2 NFKBIA NTHL1 NUCB2 PCBP1 PDIA6 PFN1 POLR3GL PRKX PRPF38B PSMB9 RSBN1L S1PR5 SEC11A SMC3 TFPT,B2M TMSB4X FTH1 GNLY HLA-B HLA-A PTMA FGFBP2 GZMB NKG7 CCL5 CD7 CYBA FXYD5 LAT2 PTPRC SLC25A5 SRGN TMSB10 UBC ACTB CCNH CMC2 COX5B CST7 EEF1D H3F3B HINT1 HLA-C HLA-E HMGB1 HNRNPA1 HSP90B1 LIMD2 LMAN2 NFKBIA NTHL1 NUCB2 PCBP1 PDIA6 PFN1 POLR3GL PRKX PRPF38B PSMB9 RSBN1L S1PR5 SEC11A SMC3 TFPT,B2M TMSB4X FTH1 GNLY HLA-B HLA-A PTMA FGFBP2 GZMB NKG7 CCL5 CD7 CYBA FXYD5 LAT2 PTPRC SLC25A5 SRGN TMSB10 UBC ACTB CCNH CMC2 COX5B CST7 EEF1D H3F3B HINT1 HLA-C HLA-E HMGB1 HNRNPA1 HSP90B1 LIMD2 LMAN2 NFKBIA NTHL1 NUCB2 PCBP1 PDIA6 PFN1 POLR3GL PRKX PRPF38B PSMB9 RSBN1L S1PR5 SEC11A SMC3 TFPT
intervention,gse96583:ctrl:1488:AGTCTACTTGCTAG-1,AGTCTACTTGCTAG-1,1488,1488,ctrl,singlet,NK cells,0,held_out_triple_sentinel,1488:held_out_triple_sentinel,0075f3f06fc82226ba0bd22a4fe1b946a02874d42c6bbce2d994755986f07e6d,724,GNLY_NKG7_CCL5_sentinel_factorial,GNLY,1,100,GNLY;NKG7;CCL5,5.196052117;4.02978148584;3.74800799473,HLA-B;HLA-A;PTMA,4.9353479896;4.42930289367;4.42930289367,GNLY,5.196052117,HLA-B,4.9353479896,1,0.260704127392,0.388582874311,1,5.07390366457,B2M TMSB4X FTH1 GNLY HLA-B HLA-A PTMA FGFBP2 GZMB NKG7 CCL5 CD7 CYBA FXYD5 LAT2 PTPRC SLC25A5 SRGN TMSB10 UBC ACTB CCNH CMC2 COX5B CST7 EEF1D H3F3B HINT1 HLA-C HLA-E HMGB1 HNRNPA1 HSP90B1 LIMD2 LMAN2 NFKBIA NTHL1 NUCB2 PCBP1 PDIA6 PFN1 POLR3GL PRKX PRPF38B PSMB9 RSBN1L S1PR5 SEC11A SMC3 TFPT,B2M TMSB4X FTH1 MASKED_GENE HLA-B HLA-A PTMA FGFBP2 GZMB NKG7 CCL5 CD7 CYBA FXYD5 LAT2 PTPRC SLC25A5 SRGN TMSB10 UBC ACTB CCNH CMC2 COX5B CST7 EEF1D H3F3B HINT1 HLA-C HLA-E HMGB1 HNRNPA1 HSP90B1 LIMD2 LMAN2 NFKBIA NTHL1 NUCB2 PCBP1 PDIA6 PFN1 POLR3GL PRKX PRPF38B PSMB9 RSBN1L S1PR5 SEC11A SMC3 TFPT,B2M TMSB4X FTH1 GNLY MASKED_GENE HLA-A PTMA FGFBP2 GZMB NKG7 CCL5 CD7 CYBA FXYD5 LAT2 PTPRC SLC25A5 SRGN TMSB10 UBC ACTB CCNH CMC2 COX5B CST7 EEF1D H3F3B HINT1 HLA-C HLA-E HMGB1 HNRNPA1 HSP90B1 LIMD2 LMAN2 NFKBIA NTHL1 NUCB2 PCBP1 PDIA6 PFN1 POLR3GL PRKX PRPF38B PSMB9 RSBN1L S1PR5 SEC11A SMC3 TFPT
intervention,gse96583:ctrl:1488:AGTCTACTTGCTAG-1,AGTCTACTTGCTAG-1,1488,1488,ctrl,singlet,NK cells,0,held_out_triple_sentinel,1488:held_out_triple_sentinel,0075f3f06fc82226ba0bd22a4fe1b946a02874d42c6bbce2d994755986f07e6d,724,GNLY_NKG7_CCL5_sentinel_factorial,NKG7,1,010,GNLY;NKG7;CCL5,5.196052117;4.02978148584;3.74800799473,HLA-B;HLA-A;PTMA,4.9353479896;4.42930289367;4.42930289367,NKG7,4.02978148584,HLA-A,4.42930289367,4,0.399521407826,0.311967951928,1,5.5853890016,B2M TMSB4X FTH1 GNLY HLA-B HLA-A PTMA FGFBP2 GZMB NKG7 CCL5 CD7 CYBA FXYD5 LAT2 PTPRC SLC25A5 SRGN TMSB10 UBC ACTB CCNH CMC2 COX5B CST7 EEF1D H3F3B HINT1 HLA-C HLA-E HMGB1 HNRNPA1 HSP90B1 LIMD2 LMAN2 NFKBIA NTHL1 NUCB2 PCBP1 PDIA6 PFN1 POLR3GL PRKX PRPF38B PSMB9 RSBN1L S1PR5 SEC11A SMC3 TFPT,B2M TMSB4X FTH1 GNLY HLA-B HLA-A PTMA FGFBP2 GZMB MASKED_GENE CCL5 CD7 CYBA FXYD5 LAT2 PTPRC SLC25A5 SRGN TMSB10 UBC ACTB CCNH CMC2 COX5B CST7 EEF1D H3F3B HINT1 HLA-C HLA-E HMGB1 HNRNPA1 HSP90B1 LIMD2 LMAN2 NFKBIA NTHL1 NUCB2 PCBP1 PDIA6 PFN1 POLR3GL PRKX PRPF38B PSMB9 RSBN1L S1PR5 SEC11A SMC3 TFPT,B2M TMSB4X FTH1 GNLY HLA-B MASKED_GENE PTMA FGFBP2 GZMB NKG7 CCL5 CD7 CYBA FXYD5 LAT2 PTPRC SLC25A5 SRGN TMSB10 UBC ACTB CCNH CMC2 COX5B CST7 EEF1D H3F3B HINT1 HLA-C HLA-E HMGB1 HNRNPA1 HSP90B1 LIMD2 LMAN2 NFKBIA NTHL1 NUCB2 PCBP1 PDIA6 PFN1 POLR3GL PRKX PRPF38B PSMB9 RSBN1L S1PR5 SEC11A SMC3 TFPT
intervention,gse96583:ctrl:1488:AGTCTACTTGCTAG-1,AGTCTACTTGCTAG-1,1488,1488,ctrl,singlet,NK cells,0,held_out_triple_sentinel,1488:held_out_triple_sentinel,0075f3f06fc82226ba0bd22a4fe1b946a02874d42c6bbce2d994755986f07e6d,724,GNLY_NKG7_CCL5_sentinel_factorial,CCL5,1,001,GNLY;NKG7;CCL5,5.196052117;4.02978148584;3.74800799473,HLA-B;HLA-A;PTMA,4.9353479896;4.42930289367;4.42930289367,CCL5,3.74800799473,PTMA,4.42930289367,4,0.681294898934,0.105658487732,0,3.75250800852,B2M TMSB4X FTH1 GNLY HLA-B HLA-A PTMA FGFBP2 GZMB NKG7 CCL5 CD7 CYBA FXYD5 LAT2 PTPRC SLC25A5 SRGN TMSB10 UBC ACTB CCNH CMC2 COX5B CST7 EEF1D H3F3B HINT1 HLA-C HLA-E HMGB1 HNRNPA1 HSP90B1 LIMD2 LMAN2 NFKBIA NTHL1 NUCB2 PCBP1 PDIA6 PFN1 POLR3GL PRKX PRPF38B PSMB9 RSBN1L S1PR5 SEC11A SMC3 TFPT,B2M TMSB4X FTH1 GNLY HLA-B HLA-A PTMA FGFBP2 GZMB NKG7 MASKED_GENE CD7 CYBA FXYD5 LAT2 PTPRC SLC25A5 SRGN TMSB10 UBC ACTB CCNH CMC2 COX5B CST7 EEF1D H3F3B HINT1 HLA-C HLA-E HMGB1 HNRNPA1 HSP90B1 LIMD2 LMAN2 NFKBIA NTHL1 NUCB2 PCBP1 PDIA6 PFN1 POLR3GL PRKX PRPF38B PSMB9 RSBN1L S1PR5 SEC11A SMC3 TFPT,B2M TMSB4X FTH1 GNLY HLA-B HLA-A MASKED_GENE FGFBP2 GZMB NKG7 CCL5 CD7 CYBA FXYD5 LAT2 PTPRC SLC25A5 SRGN TMSB10 UBC ACTB CCNH CMC2 COX5B CST7 EEF1D H3F3B HINT1 HLA-C HLA-E HMGB1 HNRNPA1 HSP90B1 LIMD2 LMAN2 NFKBIA NTHL1 NUCB2 PCBP1 PDIA6 PFN1 POLR3GL PRKX PRPF38B PSMB9 RSBN1L S1PR5 SEC11A SMC3 TFPT
intervention,gse96583:ctrl:1488:AGTCTACTTGCTAG-1,AGTCTACTTGCTAG-1,1488,1488,ctrl,singlet,NK cells,0,held_out_triple_sentinel,1488:held_out_triple_sentinel,0075f3f06fc82226ba0bd22a4fe1b946a02874d42c6bbce2d994755986f07e6d,724,GNLY_NKG7_CCL5_sentinel_factorial,GNLY+NKG7,2,110,GNLY;NKG7;CCL5,5.196052117;4.02978148584;3.74800799473,HLA-B;HLA-A;PTMA,4.9353479896;4.42930289367;4.42930289367,GNLY;NKG7,5.196052117;4.02978148584,HLA-B;HLA-A,4.9353479896;4.42930289367,1;4,0.260704127392;0.399521407826,0.388582874311;0.311967951928,1;1,5.07390366457;5.5853890016,B2M TMSB4X FTH1 GNLY HLA-B HLA-A PTMA FGFBP2 GZMB NKG7 CCL5 CD7 CYBA FXYD5 LAT2 PTPRC SLC25A5 SRGN TMSB10 UBC ACTB CCNH CMC2 COX5B CST7 EEF1D H3F3B HINT1 HLA-C HLA-E HMGB1 HNRNPA1 HSP90B1 LIMD2 LMAN2 NFKBIA NTHL1 NUCB2 PCBP1 PDIA6 PFN1 POLR3GL PRKX PRPF38B PSMB9 RSBN1L S1PR5 SEC11A SMC3 TFPT,B2M TMSB4X FTH1 MASKED_GENE HLA-B HLA-A PTMA FGFBP2 GZMB MASKED_GENE CCL5 CD7 CYBA FXYD5 LAT2 PTPRC SLC25A5 SRGN TMSB10 UBC ACTB CCNH CMC2 COX5B CST7 EEF1D H3F3B HINT1 HLA-C HLA-E HMGB1 HNRNPA1 HSP90B1 LIMD2 LMAN2 NFKBIA NTHL1 NUCB2 PCBP1 PDIA6 PFN1 POLR3GL PRKX PRPF38B PSMB9 RSBN1L S1PR5 SEC11A SMC3 TFPT,B2M TMSB4X FTH1 GNLY MASKED_GENE MASKED_GENE PTMA FGFBP2 GZMB NKG7 CCL5 CD7 CYBA FXYD5 LAT2 PTPRC SLC25A5 SRGN TMSB10 UBC ACTB CCNH CMC2 COX5B CST7 EEF1D H3F3B HINT1 HLA-C HLA-E HMGB1 HNRNPA1 HSP90B1 LIMD2 LMAN2 NFKBIA NTHL1 NUCB2 PCBP1 PDIA6 PFN1 POLR3GL PRKX PRPF38B PSMB9 RSBN1L S1PR5 SEC11A SMC3 TFPT
intervention,gse96583:ctrl:1488:AGTCTACTTGCTAG-1,AGTCTACTTGCTAG-1,1488,1488,ctrl,singlet,NK cells,0,held_out_triple_sentinel,1488:held_out_triple_sentinel,0075f3f06fc82226ba0bd22a4fe1b946a02874d42c6bbce2d994755986f07e6d,724,GNLY_NKG7_CCL5_sentinel_factorial,GNLY+CCL5,2,101,GNLY;NKG7;CCL5,5.196052117;4.02978148584;3.74800799473,HLA-B;HLA-A;PTMA,4.9353479896;4.42930289367;4.42930289367,GNLY;CCL5,5.196052117;3.74800799473,HLA-B;PTMA,4.9353479896;4.42930289367,1;4,0.260704127392;0.681294898934,0.388582874311;0.105658487732,1;0,5.07390366457;3.75250800852,B2M TMSB4X FTH1 GNLY HLA-B HLA-A PTMA FGFBP2 GZMB NKG7 CCL5 CD7 CYBA FXYD5 LAT2 PTPRC SLC25A5 SRGN TMSB10 UBC ACTB CCNH CMC2 COX5B CST7 EEF1D H3F3B HINT1 HLA-C HLA-E HMGB1 HNRNPA1 HSP90B1 LIMD2 LMAN2 NFKBIA NTHL1 NUCB2 PCBP1 PDIA6 PFN1 POLR3GL PRKX PRPF38B PSMB9 RSBN1L S1PR5 SEC11A SMC3 TFPT,B2M TMSB4X FTH1 MASKED_GENE HLA-B HLA-A PTMA FGFBP2 GZMB NKG7 MASKED_GENE CD7 CYBA FXYD5 LAT2 PTPRC SLC25A5 SRGN TMSB10 UBC ACTB CCNH CMC2 COX5B CST7 EEF1D H3F3B HINT1 HLA-C HLA-E HMGB1 HNRNPA1 HSP90B1 LIMD2 LMAN2 NFKBIA NTHL1 NUCB2 PCBP1 PDIA6 PFN1 POLR3GL PRKX PRPF38B PSMB9 RSBN1L S1PR5 SEC11A SMC3 TFPT,B2M TMSB4X FTH1 GNLY MASKED_GENE HLA-A MASKED_GENE FGFBP2 GZMB NKG7 CCL5 CD7 CYBA FXYD5 LAT2 PTPRC SLC25A5 SRGN TMSB10 UBC ACTB CCNH CMC2 COX5B CST7 EEF1D H3F3B HINT1 HLA-C HLA-E HMGB1 HNRNPA1 HSP90B1 LIMD2 LMAN2 NFKBIA NTHL1 NUCB2 PCBP1 PDIA6 PFN1 POLR3GL PRKX PRPF38B PSMB9 RSBN1L S1PR5 SEC11A SMC3 TFPT
intervention,gse96583:ctrl:1488:AGTCTACTTGCTAG-1,AGTCTACTTGCTAG-1,1488,1488,ctrl,singlet,NK cells,0,held_out_triple_sentinel,1488:held_out_triple_sentinel,0075f3f06fc82226ba0bd22a4fe1b946a02874d42c6bbce2d994755986f07e6d,724,GNLY_NKG7_CCL5_sentinel_factorial,NKG7+CCL5,2,011,GNLY;NKG7;CCL5,5.196052117;4.02978148584;3.74800799473,HLA-B;HLA-A;PTMA,4.9353479896;4.42930289367;4.42930289367,NKG7;CCL5,4.02978148584;3.74800799473,HLA-A;PTMA,4.42930289367;4.42930289367,4;4,0.399521407826;0.681294898934,0.311967951928;0.105658487732,1;0,5.5853890016;3.75250800852,B2M TMSB4X FTH1 GNLY HLA-B HLA-A PTMA FGFBP2 GZMB NKG7 CCL5 CD7 CYBA FXYD5 LAT2 PTPRC SLC25A5 SRGN TMSB10 UBC ACTB CCNH CMC2 COX5B CST7 EEF1D H3F3B HINT1 HLA-C HLA-E HMGB1 HNRNPA1 HSP90B1 LIMD2 LMAN2 NFKBIA NTHL1 NUCB2 PCBP1 PDIA6 PFN1 POLR3GL PRKX PRPF38B PSMB9 RSBN1L S1PR5 SEC11A SMC3 TFPT,B2M TMSB4X FTH1 GNLY HLA-B HLA-A PTMA FGFBP2 GZMB MASKED_GENE MASKED_GENE CD7 CYBA FXYD5 LAT2 PTPRC SLC25A5 SRGN TMSB10 UBC ACTB CCNH CMC2 COX5B CST7 EEF1D H3F3B HINT1 HLA-C HLA-E HMGB1 HNRNPA1 HSP90B1 LIMD2 LMAN2 NFKBIA NTHL1 NUCB2 PCBP1 PDIA6 PFN1 POLR3GL PRKX PRPF38B PSMB9 RSBN1L S1PR5 SEC11A SMC3 TFPT,B2M TMSB4X FTH1 GNLY HLA-B MASKED_GENE MASKED_GENE FGFBP2 GZMB NKG7 CCL5 CD7 CYBA FXYD5 LAT2 PTPRC SLC25A5 SRGN TMSB10 UBC ACTB CCNH CMC2 COX5B CST7 EEF1D H3F3B HINT1 HLA-C HLA-E HMGB1 HNRNPA1 HSP90B1 LIMD2 LMAN2 NFKBIA NTHL1 NUCB2 PCBP1 PDIA6 PFN1 POLR3GL PRKX PRPF38B PSMB9 RSBN1L S1PR5 SEC11A SMC3 TFPT
intervention,gse96583:ctrl:1488:AGTCTACTTGCTAG-1,AGTCTACTTGCTAG-1,1488,1488,ctrl,singlet,NK cells,0,held_out_triple_sentinel,1488:held_out_triple_sentinel,0075f3f06fc82226ba0bd22a4fe1b946a02874d42c6bbce2d994755986f07e6d,724,GNLY_NKG7_CCL5_sentinel_factorial,GNLY+NKG7+CCL5,3,111,GNLY;NKG7;CCL5,5.196052117;4.02978148584;3.74800799473,HLA-B;HLA-A;PTMA,4.9353479896;4.42930289367;4.42930289367,GNLY;NKG7;CCL5,5.196052117;4.02978148584;3.74800799473,HLA-B;HLA-A;PTMA,4.9353479896;4.42930289367;4.42930289367,1;4;4,0.260704127392;0.399521407826;0.681294898934,0.388582874311;0.311967951928;0.105658487732,1;1;0,5.07390366457;5.5853890016;3.75250800852,B2M TMSB4X FTH1 GNLY HLA-B HLA-A PTMA FGFBP2 GZMB NKG7 CCL5 CD7 CYBA FXYD5 LAT2 PTPRC SLC25A5 SRGN TMSB10 UBC ACTB CCNH CMC2 COX5B CST7 EEF1D H3F3B HINT1 HLA-C HLA-E HMGB1 HNRNPA1 HSP90B1 LIMD2 LMAN2 NFKBIA NTHL1 NUCB2 PCBP1 PDIA6 PFN1 POLR3GL PRKX PRPF38B PSMB9 RSBN1L S1PR5 SEC11A SMC3 TFPT,B2M TMSB4X FTH1 MASKED_GENE HLA-B HLA-A PTMA FGFBP2 GZMB MASKED_GENE MASKED_GENE CD7 CYBA FXYD5 LAT2 PTPRC SLC25A5 SRGN TMSB10 UBC ACTB CCNH CMC2 COX5B CST7 EEF1D H3F3B HINT1 HLA-C HLA-E HMGB1 HNRNPA1 HSP90B1 LIMD2 LMAN2 NFKBIA NTHL1 NUCB2 PCBP1 PDIA6 PFN1 POLR3GL PRKX PRPF38B PSMB9 RSBN1L S1PR5 SEC11A SMC3 TFPT,B2M TMSB4X FTH1 GNLY MASKED_GENE MASKED_GENE MASKED_GENE FGFBP2 GZMB NKG7 CCL5 CD7 CYBA FXYD5 LAT2 PTPRC SLC25A5 SRGN TMSB10 UBC ACTB CCNH CMC2 COX5B CST7 EEF1D H3F3B HINT1 HLA-C HLA-E HMGB1 HNRNPA1 HSP90B1 LIMD2 LMAN2 NFKBIA NTHL1 NUCB2 PCBP1 PDIA6 PFN1 POLR3GL PRKX PRPF38B PSMB9 RSBN1L S1PR5 SEC11A SMC3 TFPT
