chrom,pos,ref,alt,rsid,gene,gene_symbol,nes,pval,ontology,tissue,set
chr1,11742674,A,G,rs6419479,ENSG00000177674.15,AGTRAP,-0.0716813,3.79312e-08,UBERON:0013756,Whole_Blood,web_rich
chr1,965125,G,C,rs28705211,ENSG00000188976.10,NOC2L,-0.0836197,3.49866e-08,UBERON:0013756,Whole_Blood,web_rich
chr1,1322213,A,G,rs1810745,ENSG00000127054.20,INTS11,-0.103532,1.71194e-05,UBERON:0013756,Whole_Blood,web_rich
chr1,9272788,C,T,rs12068103,ENSG00000171608.15,PIK3CD,0.104914,3.87855e-05,UBERON:0013756,Whole_Blood,web_rich
chr1,15937769,G,A,rs848213,ENSG00000065526.10,SPEN,0.112781,2.02529e-05,UBERON:0013756,Whole_Blood,web_rich
chr1,6492439,T,C,rs9434795,ENSG00000097021.19,ACOT7,0.113123,2.87771e-06,UBERON:0013756,Whole_Blood,web_rich
chr1,11253187,T,C,rs11121710,ENSG00000226849.1,RP4-635E18.7,0.124302,6.32438e-07,UBERON:0013756,Whole_Blood,web_rich
chr1,1629332,G,T,rs61774907,ENSG00000197530.12,MIB2,-0.130977,1.64347e-12,UBERON:0013756,Whole_Blood,web_rich
chr1,3713028,A,G,rs3765758,ENSG00000227372.11,TP73-AS1,0.135227,1.07897e-07,UBERON:0013756,Whole_Blood,web_rich
chr1,15594326,A,G,rs78917815,ENSG00000197312.11,DDI2,-0.146351,3.90975e-11,UBERON:0013756,Whole_Blood,web_rich
chr1,1600379,C,T,rs72897847,ENSG00000228594.3,FNDC10,-0.146827,2.66082e-07,UBERON:0013756,Whole_Blood,web_rich
chr1,15581413,C,G,rs12691551,ENSG00000132906.17,CASP9,0.148588,4.46946e-09,UBERON:0013756,Whole_Blood,web_rich
chr1,1573654,T,C,rs7520996,ENSG00000160075.11,SSU72,0.151256,4.02486e-19,UBERON:0013756,Whole_Blood,web_rich
chr1,1224160,G,A,rs6667998,ENSG00000078808.16,SDF4,-0.154026,3.64625e-05,UBERON:0013756,Whole_Blood,web_rich
chr1,11666269,A,G,rs3117067,ENSG00000116663.10,FBXO6,-0.156954,6.85912e-12,UBERON:0013756,Whole_Blood,web_rich
chr1,2145689,A,G,rs383968,ENSG00000067606.16,PRKCZ,-0.165821,8.98262e-13,UBERON:0013756,Whole_Blood,web_rich
chr1,1801780,A,G,rs10907185,ENSG00000169885.9,CALML6,-0.169601,5.45447e-06,UBERON:0013756,Whole_Blood,web_rich
chr1,9097798,C,A,rs35315512,ENSG00000142583.17,SLC2A5,-0.184567,1.43883e-11,UBERON:0013756,Whole_Blood,web_rich
chr1,1363688,C,T,rs35742679,ENSG00000169972.11,PUSL1,-0.191334,5.39939e-09,UBERON:0013756,Whole_Blood,web_rich
chr1,7973777,G,A,rs12563704,ENSG00000269925.1,RP3-467L1.6,0.197123,1.21863e-05,UBERON:0013756,Whole_Blood,web_rich
chr1,2581013,G,A,rs4648648,ENSG00000238164.6,RP3-395M20.8,-0.19882,2.90302e-15,UBERON:0013756,Whole_Blood,web_rich
chr1,6714531,A,C,rs144411181,ENSG00000041988.15,THAP3,0.203711,4.67626e-08,UBERON:0013756,Whole_Blood,web_rich
chr1,7773891,T,G,rs11590868,ENSG00000049245.12,VAMP3,0.20744,1.03382e-27,UBERON:0013756,Whole_Blood,web_rich
chr1,9230648,A,G,rs34361557,ENSG00000049239.12,H6PD,-0.209957,2.8072300000000004e-26,UBERON:0013756,Whole_Blood,web_rich
chr1,11205987,C,T,rs2300094,ENSG00000198793.12,MTOR,-0.211735,3.06969e-23,UBERON:0013756,Whole_Blood,web_rich
chr1,6027143,T,A,rs12037728,ENSG00000069424.14,KCNAB2,-0.220864,9.617679999999999e-20,UBERON:0013756,Whole_Blood,web_rich
chr1,1755504,T,C,rs2072929,ENSG00000215790.6,SLC35E2,0.231975,2.05286e-10,UBERON:0013756,Whole_Blood,web_rich
chr1,2392569,C,T,rs2840533,ENSG00000116151.13,MORN1,-0.241831,2.75555e-07,UBERON:0013756,Whole_Blood,web_rich
chr1,1217221,A,G,rs74355107,ENSG00000186827.10,TNFRSF4,0.244397,2.58926e-06,UBERON:0013756,Whole_Blood,web_rich
chr1,2685166,T,A,rs28436923,ENSG00000157870.14,FAM213B,0.247314,2.37866e-17,UBERON:0013756,Whole_Blood,web_rich
chr1,959193,G,A,rs13303010,ENSG00000187961.13,KLHL17,0.249774,1.14425e-21,UBERON:0013756,Whole_Blood,web_rich
chr1,6621315,C,T,rs6695474,ENSG00000116273.5,PHF13,-0.256034,8.38756e-29,UBERON:0013756,Whole_Blood,web_rich
chr1,10026334,G,A,rs9661116,ENSG00000162444.11,RBP7,-0.259437,1.61451e-06,UBERON:0013756,Whole_Blood,web_rich
chr1,502653,G,T,rs1167381111,ENSG00000269981.1,RP11-34P13.16,-0.263738,3.43847e-08,UBERON:0013756,Whole_Blood,web_rich
chr1,15261890,T,C,rs7529980,ENSG00000142621.19,FHAD1,0.267623,7.93116e-08,UBERON:0013756,Whole_Blood,web_rich
chr1,1400626,C,T,rs111876693,ENSG00000224870.6,RP4-758J18.2,-0.272437,1.4289e-09,UBERON:0013756,Whole_Blood,web_rich
chr1,15403471,C,T,rs2473345,ENSG00000228140.1,RP3-467K16.4,-0.276521,5.7453399999999995e-27,UBERON:0013756,Whole_Blood,web_rich
chr1,6204715,T,C,rs12069441,ENSG00000158286.12,RNF207,-0.287734,1.58497e-20,UBERON:0013756,Whole_Blood,web_rich
chr1,15811564,T,A,rs12121764,ENSG00000178715.8,RP11-169K16.8,-0.292999,3.9503e-10,UBERON:0013756,Whole_Blood,web_rich
chr1,2367872,A,G,rs12071572,ENSG00000269896.2,RP4-740C4.5,-0.301387,2.40931e-15,UBERON:0013756,Whole_Blood,web_rich
chr1,11927038,C,G,rs56167245,ENSG00000116688.16,MFN2,-0.30884,4.31926e-07,UBERON:0013756,Whole_Blood,web_rich
chr1,2578436,C,G,rs71630981,ENSG00000157873.17,TNFRSF14,-0.322151,6.66056e-08,UBERON:0013756,Whole_Blood,web_rich
chr1,1217733,G,A,rs12036216,ENSG00000186891.13,TNFRSF18,-0.333217,7.78791e-21,UBERON:0013756,Whole_Blood,web_rich
chr1,3913050,A,G,rs35583447,ENSG00000198912.10,C1orf174,0.35241,6.15923e-34,UBERON:0013756,Whole_Blood,web_rich
chr1,9650763,C,T,rs74925829,ENSG00000171603.16,CLSTN1,-0.374304,4.70156e-12,UBERON:0013756,Whole_Blood,web_rich
chr1,1071610,G,A,rs4326571,ENSG00000217801.9,RP11-465B22.3,-0.374896,6.7426e-17,UBERON:0013756,Whole_Blood,web_rich
chr1,9275114,G,T,rs72641831,ENSG00000171621.13,SPSB1,-0.38667,5.87796e-20,UBERON:0013756,Whole_Blood,web_rich
chr1,1407014,G,A,rs11548045,ENSG00000242485.5,MRPL20,-0.414645,2.68337e-13,UBERON:0013756,Whole_Blood,web_rich
chr1,10430482,G,C,rs661256,ENSG00000241563.3,CORT,-0.436589,5.71354e-09,UBERON:0013756,Whole_Blood,web_rich
chr1,8446960,T,C,rs146969373,ENSG00000116285.12,ERRFI1,-0.471589,2.66015e-05,UBERON:0013756,Whole_Blood,web_rich
chr1,15411869,A,C,rs148298575,ENSG00000142634.12,EFHD2,-0.473832,6.31036e-23,UBERON:0013756,Whole_Blood,web_rich
chr1,666028,G,A,rs143332664,ENSG00000227232.5,WASH7P,0.489662,3.85133e-13,UBERON:0013756,Whole_Blood,web_rich
chr1,1013490,C,G,rs4615788,ENSG00000187608.8,ISG15,0.500426,1.41503e-28,UBERON:0013756,Whole_Blood,web_rich
chr1,11826756,G,A,rs2076004,ENSG00000011021.21,CLCN6,0.504073,4.99271e-47,UBERON:0013756,Whole_Blood,web_rich
chr1,9943150,C,A,rs76604876,ENSG00000173614.13,NMNAT1,0.528727,4.16114e-08,UBERON:0013756,Whole_Blood,web_rich
chr1,599167,G,A,rs188376087,ENSG00000279457.4,RP11-34P13.18,-0.544131,1.18089e-06,UBERON:0013756,Whole_Blood,web_rich
chr1,2751878,C,T,rs71249976,ENSG00000228037.1,RP3-395M20.9,-0.5824,3.45531e-05,UBERON:0013756,Whole_Blood,web_rich
chr1,959139,G,A,rs115438739,ENSG00000187583.10,PLEKHN1,-0.59166,3.1066e-05,UBERON:0013756,Whole_Blood,web_rich
chr1,9128618,T,C,rs61739938,ENSG00000180758.11,GPR157,0.632479,9.50356e-06,UBERON:0013756,Whole_Blood,web_rich
chr1,3774964,A,G,rs1175550,ENSG00000235169.7,SMIM1,0.649224,2.35777e-88,UBERON:0013756,Whole_Blood,web_rich
chr1,63671,G,A,rs80011619,ENSG00000238009.6,RP11-34P13.7,0.693059,4.99434e-31,UBERON:0013756,Whole_Blood,web_rich
chr1,1816922,G,A,rs75113100,ENSG00000187642.9,PERM1,-0.703303,0.00012133,UBERON:0013756,Whole_Blood,web_rich
chr1,2188984,G,T,rs1201784294,ENSG00000230415.1,LINC01786,0.730499,1.04328e-05,UBERON:0013756,Whole_Blood,web_rich
chr1,1050658,G,C,rs28758798,ENSG00000198744.5,MTCO3P12,0.756583,4.61337e-06,UBERON:0013756,Whole_Blood,web_rich
chr1,836648,G,A,rs6700874,ENSG00000228794.8,LINC01128,0.775112,3.629410000000001e-18,UBERON:0013756,Whole_Blood,web_rich
chr1,8940161,A,G,rs12091891,ENSG00000131686.14,CA6,0.798646,2.63967e-32,UBERON:0013756,Whole_Blood,web_rich
chr1,819608,T,A,rs556222198,ENSG00000225880.5,LINC00115,0.814145,3.45176e-09,UBERON:0013756,Whole_Blood,web_rich
chr1,1497758,C,T,rs182318530,ENSG00000160072.19,ATAD3B,-0.932273,5.09225e-30,UBERON:0013756,Whole_Blood,web_rich
chr1,819943,A,C,rs879352235,ENSG00000237491.8,RP11-206L10.9,1.02659,1.98486e-26,UBERON:0013756,Whole_Blood,web_rich
chr1,7910323,T,C,rs666068,ENSG00000049247.13,UTS2,1.81581,5.34927e-59,UBERON:0013756,Whole_Blood,web_rich
